Company Name,Industry,City,Address,Website,Phone,Email,Email Status,CEO/Owner Name,Status,Source
Westville,Retail / Grocery,Durban,14 Northcliffe Avenue Westville,https://locksmithswestville.com/,+27740353113,info@locksmithswestville.com,Found on listing,,New,OpenStreetMap
Nando's,Hospitality / Restaurant,Durban,,,,,,,New,OpenStreetMap
Pavillion Shopping Centre,Retail / Grocery,Durban,,,,,,,New,OpenStreetMap
Pick n Pay,Retail / Grocery,Durban,Durban,,+27 31 301 4043,workshop@pnp.co.za,Found on listing,,New,OpenStreetMap
Spar,Retail / Grocery,Durban,,,,,,,New,OpenStreetMap
Woolworths Food,Retail / Grocery,Durban,,,,,,,New,OpenStreetMap
Silver Oaks Boutique Hotel,Hospitality / Hotel,Durban,17 Silverton Road,,,,,,New,OpenStreetMap
Westville mall,Retail / Grocery,Durban,,,,,,,New,OpenStreetMap
Daruma,Hospitality / Restaurant,Durban,,,,,,,New,OpenStreetMap
LEGiT,Retail / Fashion,Durban,,,,,,,New,OpenStreetMap
Clippers,Hospitality / Cafe,Durban,,,,,,,New,OpenStreetMap
Truworths,Retail / Fashion,Durban,,,,,,,New,OpenStreetMap
PEP,Retail / Fashion,Durban,55 Gillespie Street Durban,,+27 31 332 2717,,,,New,OpenStreetMap
Ocean Basket,Hospitality / Restaurant,Durban,,,,,,,New,OpenStreetMap
NV Clothing,Retail / Fashion,Durban,,,,,,,New,OpenStreetMap
Galito's,Retail / Fashion,Durban,,,,,,,New,OpenStreetMap
Chicken Tikka Palace,Hospitality / Restaurant,Durban,4 Doctor Pixley Kaseme Street Durban,,+27 31 337 9460,,,,New,OpenStreetMap
Piatto,Hospitality / Restaurant,Durban,,,,,,,New,OpenStreetMap
Daniel Hechter,Retail / Fashion,Durban,,,,,,,New,OpenStreetMap
Mr Price,Retail / Fashion,Durban,,,,,,,New,OpenStreetMap
Discom,Retail / Grocery,Durban,,,,,,,New,OpenStreetMap
Jam,Retail / Fashion,Durban,,,,,,,New,OpenStreetMap
MacRib,Hospitality / Restaurant,Durban,,,,,,,New,OpenStreetMap
Jiran,Hospitality / Cafe,Durban,,,,,,,New,OpenStreetMap
Dunns,Retail / Fashion,Durban,,,,,,,New,OpenStreetMap
Garden Grill Restaurant,Hospitality / Restaurant,Durban,73 O.R. Tambo Parade Durban,,+27 31 337 2231,,,,New,OpenStreetMap
Linda's Boutique,Retail / Fashion,Durban,,,,,,,New,OpenStreetMap
Alpha Pharm,Medical / Pharmacy,Durban,,,,,,,New,OpenStreetMap
nino's,Hospitality / Restaurant,Durban,,,,,,,New,OpenStreetMap
Centre Court,Hospitality / Restaurant,Durban,,,,,,,New,OpenStreetMap
News Cafe,Hospitality / Restaurant,Durban,,,,,,,New,OpenStreetMap
Govender's House of Curries,Hospitality / Restaurant,Durban,,,,,,,New,OpenStreetMap
Suncoast Towers,Hospitality / Hotel,Durban,20 Battery Beach Road Durban,https://www.tsogosun.com/hotel/suncoast-towers-hotel/,+27 31 314 7878,suncoasthotel.reservations@tsogosun.com,Found on listing,,New,OpenStreetMap
Mugg & Bean,Hospitality / Cafe,Durban,,,+27 31 332 5044,,,,New,OpenStreetMap
Mimmos,Hospitality / Restaurant,Durban,,,,,,,New,OpenStreetMap
Pirana,Retail / Fashion,Durban,,,,,,,New,OpenStreetMap
Butterworth,Hospitality / Hotel,Durban,,,,,,,New,OpenStreetMap
Road Lodge,Hospitality / Hotel,Durban,,https://clhg.com/hotels/315/Road-Lodge-Durban,+27 31 304 8202,citylodge@whistleblowing.co.za,Found on site,,New,OpenStreetMap
Cape Town Fish Market,Hospitality / Restaurant,Durban,,,,,,,New,OpenStreetMap
The Oceanic,Hospitality / Hotel,Durban,20 John Mcintyre Road Durban,https://www.theoceanic.co.za/,,info@theoceanic.co.za,Guessed - Verify,,New,OpenStreetMap
Manocle Naturals,Retail / Fashion,Durban,,,,,,,New,OpenStreetMap
Curry Leaf,Hospitality / Restaurant,Durban,,,,,,,New,OpenStreetMap
Java,Hospitality / Cafe,Durban,,,,,,,New,OpenStreetMap
Clothes Line,Retail / Fashion,Durban,,,,,,,New,OpenStreetMap
Wicked,Retail / Fashion,Durban,,,,,,,New,OpenStreetMap
Wimpy,Hospitality / Restaurant,Durban,,,,,,,New,OpenStreetMap
Hang Ten,Retail / Fashion,Durban,,,,,,,New,OpenStreetMap
Ushaka Trading Co,Retail / Fashion,Durban,,,,,,,New,OpenStreetMap
Ripcurl,Retail / Fashion,Durban,,,,,,,New,OpenStreetMap
Kudta,Hospitality / Restaurant,Durban,,,,,,,New,OpenStreetMap
Cargo Hold,Hospitality / Restaurant,Durban,,,,,,,New,OpenStreetMap
Wrap-it-up,Hospitality / Cafe,Durban,,,,,,,New,OpenStreetMap
Silver Spear Spur,Hospitality / Restaurant,Durban,Durban,https://www.spursteakranches.com/za/restaurant/kwazulu-natal/durban/point/silver-spear-spur,+27 87 092 8310,silverspear@spursteakranch.co.za,Found on listing,,New,OpenStreetMap
Layed Back,Retail / Fashion,Durban,,,,,,,New,OpenStreetMap
Panarotti's,Hospitality / Restaurant,Durban,,,,,,,New,OpenStreetMap
Butik Asia,Retail / Fashion,Durban,,,,,,,New,OpenStreetMap
Just Cruzin,Retail / Fashion,Durban,,,,,,,New,OpenStreetMap
The SA Flag,Retail / Fashion,Durban,,,,,,,New,OpenStreetMap
Sequing,Retail / Fashion,Durban,,,,,,,New,OpenStreetMap
Emperor's Kitchen,Hospitality / Restaurant,Durban,,,,,,,New,OpenStreetMap
LM Prawns & Grill,Hospitality / Restaurant,Durban,,,,,,,New,OpenStreetMap
Jeep,Retail / Fashion,Durban,,,,,,,New,OpenStreetMap
Spokes,Hospitality / Cafe,Durban,,,,,,,New,OpenStreetMap
Mimmo's,Hospitality / Restaurant,Durban,,,,,,,New,OpenStreetMap
Adega,Hospitality / Restaurant,Durban,"1 Palm Boulevard Umhlanga Ridge, Durban",https://adega.co.za/,+27 31 584 6311,marketing@adega.co.za,Found on site,,New,OpenStreetMap
Circus Circus,Hospitality / Cafe,Durban,,,,,,,New,OpenStreetMap
Gateway To India,Hospitality / Restaurant,Durban,,,,,,,New,OpenStreetMap
lunarossa,Hospitality / Restaurant,Durban,,,,,,,New,OpenStreetMap
Primi Station 4,Hospitality / Restaurant,Durban,,,,,,,New,OpenStreetMap
Copper Chimney,Hospitality / Restaurant,Durban,,,,,,,New,OpenStreetMap
figata,Hospitality / Cafe,Durban,,,,,,,New,OpenStreetMap
Tapas on The Block,Hospitality / Restaurant,Durban,7 Aurora Drive,,,,,,New,OpenStreetMap
Jimmy's Killer Prawns,Hospitality / Restaurant,Durban,,,,,,,New,OpenStreetMap
Protea Umhlanga,Hospitality / Hotel,Durban,,,,,,,New,OpenStreetMap
Royal Palm,Hospitality / Hotel,Durban,,,,,,,New,OpenStreetMap
Shadows,Retail / Fashion,Durban,,,,,,,New,OpenStreetMap
Circus,Hospitality / Cafe,Durban,,,,,,,New,OpenStreetMap
City Lodge,Hospitality / Hotel,Durban,,,,,,,New,OpenStreetMap
John Dory's,Hospitality / Restaurant,Durban,,,,,,,New,OpenStreetMap
Campari,Hospitality / Cafe,Durban,,,,,,,New,OpenStreetMap
Just Men,Retail / Fashion,Durban,,,,,,,New,OpenStreetMap
Kids gear,Retail / Fashion,Durban,,,,,,,New,OpenStreetMap
Zoot,Retail / Fashion,Durban,,,,,,,New,OpenStreetMap
Wantashi,Retail / Fashion,Durban,,,,,,,New,OpenStreetMap
Security Hyper,Retail / Electronics,Durban,,,,,,,New,OpenStreetMap
Fego,Hospitality / Cafe,Durban,,,,,,,New,OpenStreetMap
Cacao,Hospitality / Cafe,Durban,,,,,,,New,OpenStreetMap
Fashion Exchange,Retail / Fashion,Durban,,,,,,,New,OpenStreetMap
B U Couture,Retail / Fashion,Durban,,,,,,,New,OpenStreetMap
Cafe Duomo,Hospitality / Cafe,Durban,,,,,,,New,OpenStreetMap
reel,Retail / Fashion,Durban,,,,,,,New,OpenStreetMap
Soviet,Retail / Fashion,Durban,,,,,,,New,OpenStreetMap
Iron First,Retail / Fashion,Durban,,,,,,,New,OpenStreetMap
Radhaanis,Retail / Fashion,Durban,,,,,,,New,OpenStreetMap
Identity,Retail / Fashion,Durban,,,,,,,New,OpenStreetMap
Govan Mani,Retail / Electronics,Durban,,,,,,,New,OpenStreetMap
Len's,Retail / Fashion,Durban,,,,,,,New,OpenStreetMap
Naartjie,Retail / Fashion,Durban,,,,,,,New,OpenStreetMap
The Space,Retail / Fashion,Durban,,,,,,,New,OpenStreetMap
Ooh-Lala Boutique,Retail / Fashion,Durban,,,,,,,New,OpenStreetMap
Ackermans,Retail / Fashion,Durban,,,,,,,New,OpenStreetMap
vide e caffe,Hospitality / Cafe,Durban,,,,,,,New,OpenStreetMap
Reebok,Retail / Fashion,Durban,,,,,,,New,OpenStreetMap
Samsung,Retail / Electronics,Durban,,,,,,,New,OpenStreetMap
Brands Unlimited,Retail / Fashion,Durban,,,,,,,New,OpenStreetMap
Rage,Retail / Fashion,Durban,,,,,,,New,OpenStreetMap
Cenci,Retail / Fashion,Durban,,,,,,,New,OpenStreetMap
Via Uno,Retail / Fashion,Durban,,,,,,,New,OpenStreetMap
Street Gear,Retail / Fashion,Durban,,,,,,,New,OpenStreetMap
Young Designers Emporium,Retail / Fashion,Durban,,,,,,,New,OpenStreetMap
Van Den Bergh,Furniture / Retail,Durban,,,,,,,New,OpenStreetMap
Uzzi,Retail / Fashion,Durban,,,,,,,New,OpenStreetMap
Home Flair,Furniture / Retail,Durban,,,,,,,New,OpenStreetMap
Tall Trees,Furniture / Retail,Durban,,,,,,,New,OpenStreetMap
De'ma,Hospitality / Restaurant,Durban,,,,,,,New,OpenStreetMap
Tempur,Furniture / Retail,Durban,,,,,,,New,OpenStreetMap
Col Couchis,Hospitality / Restaurant,Durban,,,,,,,New,OpenStreetMap
Gloria Jean's,Hospitality / Cafe,Durban,,,,,,,New,OpenStreetMap
Game,Retail / Grocery,Durban,,,,,,,New,OpenStreetMap
Clicks,Medical / Pharmacy,Durban,,,,,,,New,OpenStreetMap
Kauai,Hospitality / Restaurant,Durban,,,,,,,New,OpenStreetMap
Digital Mall,Retail / Electronics,Durban,,,,,,,New,OpenStreetMap
Wrap it up caffe,Hospitality / Cafe,Durban,,,,,,,New,OpenStreetMap
Sherwood,Hospitality / Cafe,Durban,,,,,,,New,OpenStreetMap
Checkers Hyper,Retail / Grocery,Durban,Umhlanga Rocks,https://www.checkers.co.za/store-directory-and-leaflets/store-details/40206,+27 31 538 3929,info@checkers.co.za,Guessed - Verify,,New,OpenStreetMap
Holiday Inn Express,Hospitality / Hotel,Durban,2 Ncondo Place Umhlanga,http://www.hiexpress.com,+27 31 5149000,info@hiexpress.com,Guessed - Verify,,New,OpenStreetMap
Bridge City Shopping Centre,Retail / Grocery,Durban,,,,,,,New,OpenStreetMap
HI-FI Corporation,Retail / Electronics,Durban,,,,,,,New,OpenStreetMap
Autozone,Automotive / Repair,Durban,,,+27 313371165,,,,New,OpenStreetMap
Dennis Motor Sales CC,Automotive,Durban,5B Nisbett Road,https://dennismotors.co.za/,+27 31 701 1762,info@dennismotors.co.za,Guessed - Verify,,New,OpenStreetMap
Concord Christian Guesthouse,Hospitality / Guest House,Durban,,,,,,,New,OpenStreetMap
Accessories Spares Centre,Retail / Hardware,Durban,Travertine Crescent,,,,,,New,OpenStreetMap
Autostyle Motorsport,Automotive / Repair,Durban,,,,,,,New,OpenStreetMap
International Police Association,Hospitality / Guest House,Durban,,http://www.ipasa.org.za,,info@ipasa.org.za,Guessed - Verify,,New,OpenStreetMap
Midas,Automotive / Repair,Durban,Meridian Drive,,+27 315662900,,,,New,OpenStreetMap
GWM Great Wall Motors,Automotive,Durban,,https://www.gwm.co.za/,,info@gwm.co.za,Guessed - Verify,,New,OpenStreetMap
YWP Pharmacy,Medical / Pharmacy,Durban,,,,,,,New,OpenStreetMap
Southway Mall Checkers,Retail / Grocery,Durban,,,,,,,New,OpenStreetMap
Barons VW,Automotive,Durban,,,,,,,New,OpenStreetMap
Makro,Retail / Grocery,Durban,,,,,,,New,OpenStreetMap
Ambler McDonald Pharmacy,Medical / Pharmacy,Durban,,,,,,,New,OpenStreetMap
Shoprite,Retail / Grocery,Durban,310 Kenyon Howden Road Durban,https://www.shoprite.co.za/store-details/6721,+27 31 452 1250,info@shoprite.co.za,Guessed - Verify,,New,OpenStreetMap
KK Motors,Automotive / Repair,Durban,,,,,,,New,OpenStreetMap
Hotel 64 on Gordon,Hospitality / Hotel,Durban,,,,,,,New,OpenStreetMap
Simply Fish,Hospitality / Restaurant,Durban,,,,,,,New,OpenStreetMap
Mamma Luciana's Trattoria,Hospitality / Restaurant,Durban,,,,,,,New,OpenStreetMap
Chatsworth Shopping Centre,Retail / Grocery,Durban,,,,,,,New,OpenStreetMap
Gatti's Ice Cream,Retail / Grocery,Durban,,,,,,,New,OpenStreetMap
Township Autoparts,Automotive / Repair,Durban,,,,,,,New,OpenStreetMap
GWM,Automotive,Durban,167 Josiah Gumede Road,https://www.gwm.co.za/,,info@gwm.co.za,Guessed - Verify,,New,OpenStreetMap
GWM Service,Automotive / Repair,Durban,167 Josiah Gumede Road,https://www.gwm.co.za/,,info@gwm.co.za,Guessed - Verify,,New,OpenStreetMap
The Square Boutique Hotel,Hospitality / Hotel,Durban,,,,,,,New,OpenStreetMap
Gateway Hotel,Hospitality / Hotel,Durban,,,,,,,New,OpenStreetMap
The Bean Green Coffee Company,Hospitality / Cafe,Durban,,https://www.beangreen.co.za/,,info@beangreen.co.za,Guessed - Verify,,New,OpenStreetMap
Furniture City,Furniture / Retail,Durban,,,,,,,New,OpenStreetMap
Dis-Chem,Medical / Pharmacy,Durban,,,,,,,New,OpenStreetMap
Wetherlys,Furniture / Retail,Durban,,,,,,,New,OpenStreetMap
Coricraft,Furniture / Retail,Durban,,,,,,,New,OpenStreetMap
Checkers,Retail / Grocery,Durban,Durban,https://www.checkers.co.za/store-directory-and-leaflets/store-details/1878,+27 31 203 7900,info@checkers.co.za,Guessed - Verify,,New,OpenStreetMap
Woolworths,Retail / Grocery,Durban,,,,,,,New,OpenStreetMap
Protea Hotel,Hospitality / Hotel,Durban,,,,,,,New,OpenStreetMap
Cecil Nurse Business Furniture,Furniture / Retail,Durban,,,,,,,New,OpenStreetMap
Laletsa Lodge,Hospitality / Guest House,Durban,,,,,,,New,OpenStreetMap
Savells,Furniture / Retail,Durban,,,,,,,New,OpenStreetMap
Geen and Richards,Furniture / Retail,Durban,,,,,,,New,OpenStreetMap
Ellerines,Furniture / Retail,Durban,,,,,,,New,OpenStreetMap
Sparspot Pharmacy,Medical / Pharmacy,Durban,,,,,,,New,OpenStreetMap
OK Furnishers,Furniture / Retail,Durban,,,,,,,New,OpenStreetMap
Cafe Java,Hospitality / Cafe,Durban,,,,,,,New,OpenStreetMap
The Saint James on Venice,Hospitality / Hotel,Durban,100 Venice Road,https://www.stjamesonvenice.co.za/,+27 31 312 9488,reception@stjamesonvenice.co.za,Found on site,,New,OpenStreetMap
Ridgeview Lodge,Hospitality / Hotel,Durban,17 Loudoun Road,https://www.ridgeview.co.za/,+27 31 202 9777,info@ridgeview.co.za,Guessed - Verify,,New,OpenStreetMap
Myeza Traditional Chemist,Medical / Pharmacy,Durban,166A Margaret Mncadi Avenue Durban,,+27 68 120 1938,,,,New,OpenStreetMap
OK Furniture,Furniture / Retail,Durban,,,,,,,New,OpenStreetMap
Bayside Hotel & Self Catering,Hospitality / Hotel,Durban,110 Doctor Pixley Kaseme Street Durban,https://www.baysidegroup.co.za/,+2731 332 0727,108weststreet@baysidehotels.co.za,Found on site,,New,OpenStreetMap
Designer Café,Hospitality / Cafe,Durban,,,,,,,New,OpenStreetMap
Tudor Hotel,Hospitality / Hotel,Durban,,,,,,,New,OpenStreetMap
Broadway Pharmacy,Medical / Pharmacy,Durban,,,,,,,New,OpenStreetMap
Honeycomb,Hospitality / Guest House,Durban,47,,,,,,New,OpenStreetMap
Marmalade,Hospitality / Hotel,Durban,147 Kenneth Kaunda Road,,,,,,New,OpenStreetMap
Cathy's Place,Hospitality / Guest House,Durban,,,,,,,New,OpenStreetMap
Villa Calla,Hospitality / Guest House,Durban,,,,,,,New,OpenStreetMap
Info-Med,Medical / Pharmacy,Durban,Doctor Pixley Kaseme Street Durban,,,,,,New,OpenStreetMap
Westend Motors,Automotive,Durban,,,,,,,New,OpenStreetMap
Parkview Hotel,Hospitality / Hotel,Durban,,,,,,,New,OpenStreetMap
The Top Chef,Hospitality / Cafe,Durban,,,,,,,New,OpenStreetMap
Pavilion Hotel,Hospitality / Hotel,Durban,,,,,,,New,OpenStreetMap
Flamingo Lodge,Hospitality / Guest House,Durban,,,,,,,New,OpenStreetMap
SMG Rocks,Automotive,Durban,,,,,,,New,OpenStreetMap
Veearts,Veterinary,Durban,,,,,,,New,OpenStreetMap
Hillary Pharmacy,Medical / Pharmacy,Durban,,,,,,,New,OpenStreetMap
Surf Riders,Hospitality / Cafe,Durban,,,,,,,New,OpenStreetMap
Mythai Guesthouse,Hospitality / Hotel,Durban,417A Innes Road Durban,,,,,,New,OpenStreetMap
sports tuckshop,Hospitality / Cafe,Durban,,,,,,,New,OpenStreetMap
royal palm hotel,Hospitality / Hotel,Durban,,,,,,,New,OpenStreetMap
Tile Africa,Retail / Hardware,Durban,2 Ilala Avenue Durban,https://www.tileafrica.co.za/,+27 716037775,contactus.online@tileafrica.co.za,Found on site,,New,OpenStreetMap
Blair Atholl Vet,Veterinary,Durban,,,,,,,New,OpenStreetMap
Red Hill Clinic,Medical / Clinic,Durban,"162 Firwood Road Red Hill, Durban",,+27 31 564 1211;+27 31 564 5384;+27 31 322 9786,,,,New,OpenStreetMap
Mohan's Auto Centre,Automotive / Repair,Durban,,,,,,,New,OpenStreetMap
Adams Coffee Bar,Hospitality / Cafe,Durban,,,,,,,New,OpenStreetMap
Kensington Pharmacy,Medical / Pharmacy,Durban,,,,,,,New,OpenStreetMap
Quarters Hotel(Florida Road),Hospitality / Hotel,Durban,,,,,,,New,OpenStreetMap
Mica Durban North,Retail / Hardware,Durban,,https://www.mica.co.za/store-location/kwazulu-natal/durban-north-mica/,+27 31 563 6766,micadbn1@gmail.com,Found on site,,New,OpenStreetMap
B&B Plumbers,Retail / Hardware,Durban,,,,,,,New,OpenStreetMap
On Tap Durban,Retail / Hardware,Durban,80 Florence Nzama Street,https://www.ontap.co.za/,+27313686161,info@ontap.co.za,Guessed - Verify,,New,OpenStreetMap
Quarters Hotel,Hospitality / Hotel,Durban,,,,,,,New,OpenStreetMap
Lawries Auto Electrical,Automotive / Repair,Durban,319 E Magwaza Maphalala Street Umbilo,,,,,,New,OpenStreetMap
Pirates Cafe,Hospitality / Cafe,Durban,,,,,,,New,OpenStreetMap
Salt & Partners,Accounting,Durban,,,,,,,New,OpenStreetMap
Singh Furniture,Furniture / Retail,Durban,,,,,,,New,OpenStreetMap
JD Plumbing & Hardware,Retail / Hardware,Durban,,,,,,,New,OpenStreetMap
Coastlands Musgrave,Hospitality / Hotel,Durban,,,,,,,New,OpenStreetMap
Cars on Ridge,Automotive,Durban,,,,,,,New,OpenStreetMap
Auto Vision,Automotive,Durban,,,,,,,New,OpenStreetMap
Durban Business College,Education,Durban,,,,,,,New,OpenStreetMap
M I Cassim Brokers Inc,Insurance,Durban,,,,,,,New,OpenStreetMap
On The Edge,Hospitality / Cafe,Durban,,,,,,,New,OpenStreetMap
City Lodge Hotel Durban,Hospitality / Hotel,Durban,K.E. Masinga Road,,,,,,New,OpenStreetMap
Albany hotel,Hospitality / Hotel,Durban,,,,,,,New,OpenStreetMap
Freight Marine Ship Supply,General Business,Durban,,https://freightmarine.com/,+27 31 4652222,freightmarine@pm.me,Found on site,,New,OpenStreetMap
Cafe Ulundi,Hospitality / Cafe,Durban,,,,,,,New,OpenStreetMap
Musgrave Avenue Guesthouse,Hospitality / Guest House,Durban,,,,,,,New,OpenStreetMap
Simply I.T.,IT / Tech,Durban,,http://www.simplyitsa.net/,,info@simplyitsa.net,Found on site,,New,OpenStreetMap
Sparksport Pharmacy,Medical / Pharmacy,Durban,,,,,,,New,OpenStreetMap
Harcourt Lodge,Hospitality / Guest House,Durban,,,,,,,New,OpenStreetMap
Ashburne Vet,Veterinary,Durban,,,,,,,New,OpenStreetMap
Seattle Coffee,Hospitality / Cafe,Durban,,,,,,,New,OpenStreetMap
Seattle Coffee Company,Hospitality / Cafe,Durban,,https://www.seattlecoffeecompany.co.za/store/virginia-circle-shopping-centre/,,info@seattlecoffeecompany.co.za,Guessed - Verify,,New,OpenStreetMap
Hilton Garden Inn Umhlanga Arch,Hospitality / Hotel,Durban,1 Ncondo Place Umhlanga,https://www.hilton.com/en/hotels/durgigi-garden-inn-umhlanga-arch/,+27 31 007 0775,durgi_reservations@hilton.com,Found on listing,,New,OpenStreetMap
Afri Transformers,General Business,Durban,,https://afritransformers.com/,,info@afritransformers.com,Found on site,,New,OpenStreetMap
Savoir,Hospitality / Cafe,Durban,,,,,,,New,OpenStreetMap
Home Ground,Hospitality / Cafe,Durban,,,,,,,New,OpenStreetMap
Marula's Coffee Shop,Hospitality / Cafe,Durban,112 Maryvale Road Westville,https://www.facebook.com/marulascoffee/,+27 31 266 7600,marulas@telkomsa.net,Found on listing,,New,OpenStreetMap
Manuchar SA,Retail / Hardware,Durban,,,,,,,New,OpenStreetMap
Lineage Coffee Westville,Hospitality / Cafe,Durban,14 Church Road Westville,https://www.lineagecoffee.com,+27 31 945 9602,info@lineagecoffee.com,Guessed - Verify,,New,OpenStreetMap
Badgers,Hospitality / Cafe,Durban,,,+27 31 201 2423,,,,New,OpenStreetMap
Empire Cafe,Hospitality / Cafe,Durban,,,+27 87 151 3159,,,,New,OpenStreetMap
ONOMO Hotel Durban,Hospitality / Hotel,Durban,56 K.E. Masinga Road,https://www.onomohotels.com/en/hotel/onomo-hotel-durban/,+27 31 492 3917,reception.durban@onomohotel.com,Found on listing,,New,OpenStreetMap
The Box Cafe,Hospitality / Cafe,Durban,,,,,,,New,OpenStreetMap
Gatvol Coffee,Hospitality / Cafe,Durban,,,,,,,New,OpenStreetMap
Daily Dose Umhlanga,Hospitality / Cafe,Durban,Cnr Durban View Road & Marine Drive Umhlanga,,+27 72 737 2110,,,,New,OpenStreetMap
Cane Cutters,Hospitality / Cafe,Durban,,,,,,,New,OpenStreetMap
Chatsworth animal clinic,Veterinary,Durban,,,+27 31 404 2255; +27 82 928 1996,,,,New,OpenStreetMap
Karak Chapatea,Hospitality / Cafe,Durban,,,+27 78 637 3059,,,,New,OpenStreetMap
Falcon motor spares,Automotive,Durban,,,,,,,New,OpenStreetMap
Alpine Hill Lodge,Hospitality / Hotel,Durban,10 Hoffman Place,,+27 82 940 3602,,,,New,OpenStreetMap
U@119 Lodge,Hospitality / Hotel,Durban,119 Felix Dlamini Road,,+27 82 940 3602,,,,New,OpenStreetMap
HR Services,General Business,Durban,,,,,,,New,OpenStreetMap
Durban Eye & Laser Clinic,Medical / Clinic,Durban,,,,,,,New,OpenStreetMap
Umbilo Vetinary Clinic,Veterinary,Durban,,,,,,,New,OpenStreetMap
uMhlanga Sands Resort,Hospitality / Hotel,Durban,"44 Lagoon Drive uMhlanga Rocks, Durban",https://www.southernsun.com/umhlanga-sands-resort?utm_source=openstreetmaps&utm_medium=businesslisting&utm_campaign=resort_umhlanga-sands-resort,+27 31 561 2323,umhlangasands.reservations@southernsun.com,Found on listing,,New,OpenStreetMap
Coffee Cats Café,Hospitality / Cafe,Durban,2 Willowfield Crescent Durban,https://www.spcadbn.org.za/coffee-cats.php,,boarding@spcadbn.org.za,Found on site,,New,OpenStreetMap
Point-S Pinetown,Automotive / Repair,Durban,34 Henwood Road Pinetown,https://www.point-s.co.za/store-locator/kwa-zulu-natal/point-s-pinetown,+27 31 701 3300,pinetown@point-s.co.za,Found on listing,,New,OpenStreetMap
BRWD Proppa Coffee,Hospitality / Cafe,Durban,21 Lighthouse Road Umhlanga,https://www.instagram.com/brwd.proppa.coffee/,+27 31 140 1199,info@instagram.com,Guessed - Verify,,New,OpenStreetMap
Daily Dose Lagoon Drive,Hospitality / Cafe,Durban,23 Lagoon Drive Umhlanga,https://dailydosecoffeeco.co.za,+27 72 737 2110,info@dailydosecoffeeco.co.za,Found on site,,New,OpenStreetMap
Usizo Lwethu Afrisun Clinic,Medical / Clinic,Durban,,,,,,,New,OpenStreetMap
N2 Trucks,Automotive,Durban,,https://www.n2trucks.co.za/,+27 82 551 9371,info@n2trucks.co.za,Guessed - Verify,,New,OpenStreetMap
BMW Durban South,Automotive,Durban,,,,,,,New,OpenStreetMap
Nü,Hospitality / Cafe,Durban,,https://nu16.goreview.co.za/store-information,+27 31 303 7980,hello@nufood.co.za,Found on site,,New,OpenStreetMap
Rox Coffee,Hospitality / Cafe,Durban,,,,,,,New,OpenStreetMap
Heaton Cottage,Hospitality / Guest House,Durban,6 Ernest Whitcutt Road Cowies Hill,https://www.heatoncottage.co.za/,+27312672019,heatoncottage@mweb.co.za,Found on listing,,New,OpenStreetMap
Bootlegger Coffee Company,Hospitality / Cafe,Durban,,https://www.bootlegger.coffee/,,ecom@bootlegger.co.za,Found on site,,New,OpenStreetMap
Supa Quick,Automotive / Repair,Durban,,,,,,,New,OpenStreetMap
Kia,Automotive,Durban,,,,,,,New,OpenStreetMap
Renault,Automotive,Durban,,,,,,,New,OpenStreetMap
FAW Trucks,Automotive,Durban,,,,,,,New,OpenStreetMap
McCarthy Durban,Automotive,Durban,,,,,,,New,OpenStreetMap
Durban Spa,Hospitality / Hotel,Durban,,,,,,,New,OpenStreetMap
Beach Hotel,Hospitality / Hotel,Durban,107 O.R. Tambo Parade,,,,,,New,OpenStreetMap
The Balmoral,Hospitality / Hotel,Durban,125 O.R. Tambo Parade Durban,https://www.balmoralhotel.co.za/,+27 31 368 8220,enquiries@balmoralhotel.co.za,Found on listing,,New,OpenStreetMap
Gooderson Tropicana Hotel,Hospitality / Hotel,Durban,85 O.R. Tambo Parade Durban,https://www.tropicanahotel.co.za/,+27 31 337 4222,tropicana@goodersons.co.za,Found on listing,,New,OpenStreetMap
Garden Court Marine Parade,Hospitality / Hotel,Durban,167 O.R. Tambo Parade Durban,https://www.southernsun.com/garden-court-marine-parade,+27 31 337 3341,gcmarineparade.reservations@southernsun.com,Found on listing,,New,OpenStreetMap
The Palace,Hospitality / Hotel,Durban,,,,,,,New,OpenStreetMap
The Edward,Hospitality / Hotel,Durban,"149 OR Tambo Parade South Beach, Durban",https://www.southernsun.com/the-edward?utm_source=openstreetmaps&utm_medium=businesslisting&utm_campaign=hotel_the-edward,+27 31 337 3681,Edward.Reservations@southernsun.com,Found on listing,,New,OpenStreetMap
Parade Hotel,Hospitality / Hotel,Durban,,,,,,,New,OpenStreetMap
Belmont,Hospitality / Hotel,Durban,,,,,,,New,OpenStreetMap
Transnet Engineering,General Business,Durban,311 Solomon Mahlangu Drive Durban,,,,,,New,OpenStreetMap
Garden Court uMhlanga,Hospitality / Hotel,Durban,Corner of Aurora Drive and Centenary Boulevard uMhlanga,https://www.southernsun.com/garden-court-umhlanga?utm_source=openstreetmaps&utm_medium=businesslisting&utm_campaign=hotel_garden-court-umhlanga,+27 31 514 5500,gcumhlanga.reservations@southernsun.com,Found on listing,,New,OpenStreetMap
Coastlands Hotel Umhlanga,Hospitality / Hotel,Durban,,,,,,,New,OpenStreetMap
Medigate Medical Centre 2,Medical / Clinic,Durban,"Medigate Road Umhlanga Ridge, Durban",,,,,,New,OpenStreetMap
SAPS Academy - Chatsworth,Education,Durban,,,,,,,New,OpenStreetMap
Elangeni College,Education,Durban,,,,,,,New,OpenStreetMap
Nissan,Automotive,Durban,,,,,,,New,OpenStreetMap
Volkswagen,Automotive,Durban,,,,,,,New,OpenStreetMap
Mercedes-Benz,Automotive,Durban,,,,,,,New,OpenStreetMap
Mitsubishi,Automotive,Durban,,,,,,,New,OpenStreetMap
Elangeni College - Ntuzuma Campus,Education,Durban,,,,,,,New,OpenStreetMap
Jeep pinetown,Automotive,Durban,,,,,,,New,OpenStreetMap
Autolek Motolek Malvern,Automotive / Repair,Durban,,,,,,,New,OpenStreetMap
Florida Park Hotel,Hospitality / Hotel,Durban,,,,,,,New,OpenStreetMap
Royal Hotel,Hospitality / Hotel,Durban,,,,,,,New,OpenStreetMap
Cabana Beach Resort,Hospitality / Hotel,Durban,10 Lagoon Drive Umhlanga,https://www.southernsun.com/cabana-beach-resort?utm_source=openstreetmap&utm_medium=businesslisting&utm_campaign=hotel_cabana-beach-resort,+27 31 561 2371,cabanabeach.reservations@southernsun.com,Found on listing,,New,OpenStreetMap
Beverly Hills,Hospitality / Hotel,Durban,1 Lighthouse Road Umhlanga,https://www.southernsun.com/beverly-hills?utm_source=openstreetmaps&utm_medium=businesslisting&utm_campaign=hotel_beverly-hills,+27 31 561 2211,beverlyhills.reservations@southernsun.com,Found on listing,,New,OpenStreetMap
Garden Court South Beach,Hospitality / Hotel,Durban,73 OR Tambo Parade Durban,https://www.southernsun.com/garden-court-south-beach,+27 31 337 2231,gcsouthbeach.reservations@southernsun.com,Found on listing,,New,OpenStreetMap
Medicross Pinetown,Medical / Clinic,Durban,"2 Meller Road New Germany, Pinetown",,+27 31 709 3070,,,,New,OpenStreetMap
Stonebridge Clinic,Medical / Clinic,Durban,,,,,,,New,OpenStreetMap
Durban Girls' High School,Education,Durban,495 Lena Ahrens Road Durban,https://www.dghs.co.za/,+27 31 205 2275; +27 31 205 2276,info@dghs.co.za,Found on listing,,New,OpenStreetMap
Newkwa Medical Centre,Medical / Clinic,Durban,909-913 Inanda Road Durban,http://newkwa.co.za/,+27 31 577 2765,info@newkwa.co.za,Guessed - Verify,,New,OpenStreetMap
Redhill Clinic,Medical / Clinic,Durban,"162 Firwood Road Red Hill, Durban",,,,,,New,OpenStreetMap
Dunlop Epress,Automotive / Repair,Durban,714 Chris Hani Road Durban,,+27 31 563 0749,,,,New,OpenStreetMap
Dennis Auto,Automotive / Repair,Durban,15 Orange Grove Durban,,,,,,New,OpenStreetMap
Medwell SA,Medical / Clinic,Durban,,,,,,,New,OpenStreetMap
Forest Manor Boutique Guest House,Hospitality / Guest House,Durban,62 Forest Drive Umhlanga Rocks,,,,,,New,OpenStreetMap
SUN1 Durban,Hospitality / Hotel,Durban,"65 Masabalala Yengwa Ave, Stamford Hill Durban",https://www.southernsun.com/sun1-durban?utm_source=openstreetmaps&utm_medium=businesslisting&utm_campaign=hotel_sun1-durban,+27 31 301 1551,SUN1.Durban@southernsun.com,Found on listing,,New,OpenStreetMap
Bho's Driving Academy,Education / Driving School,Durban,,,,,,,New,OpenStreetMap
Thekwini TVET College - Melbourne Campus,Education,Durban,,,,,,,New,OpenStreetMap
Pick n Pay Hyper,Retail / Grocery,Johannesburg,Randburg,,+27 11 801 7000,hc14foodssapim@pnp.co.za,Found on listing,,New,OpenStreetMap
Pick n Pay,Retail / Grocery,Johannesburg,Radiokop,,+27 11 475 0761,fhoneyjunction@pnp.co.za,Found on listing,,New,OpenStreetMap
Pride of India Cuisine,Hospitality / Restaurant,Johannesburg,,,,,,,New,OpenStreetMap
Spar,Retail / Grocery,Johannesburg,,,,,,,New,OpenStreetMap
Woolworths,Retail / Grocery,Johannesburg,,,,,,,New,OpenStreetMap
Coachman's Inn,Hospitality / Restaurant,Johannesburg,,,,,,,New,OpenStreetMap
Mays Chemist,Medical / Pharmacy,Johannesburg,Main Road,,,,,,New,OpenStreetMap
Wimpy,Hospitality / Restaurant,Johannesburg,"39 Kingsway Avenue, Campus Square Johannesburg",https://locations.wimpy.co.za/restaurants-CampusSquare-WimpyCampusSquare,+27 87 265 3449,info@wimpy.co.za,Found on site,,New,OpenStreetMap
Jimmys Killer Prawns,Hospitality / Restaurant,Johannesburg,,,,,,,New,OpenStreetMap
Tiger Wheel & Tyre,Automotive / Repair,Johannesburg,,https://www.twt.co.za/store-details/?locationid=b942f61a-d920-4992-9931-e0ad09d17e0f,,info@twt.co.za,Guessed - Verify,,New,OpenStreetMap
Nando's,Hospitality / Restaurant,Johannesburg,,,,,,,New,OpenStreetMap
Mivamis,Hospitality / Restaurant,Johannesburg,,,,,,,New,OpenStreetMap
Melrose Nissan,Automotive,Johannesburg,,,,,,,New,OpenStreetMap
Checkers,Retail / Grocery,Johannesburg,,,,,,,New,OpenStreetMap
The Hub,Retail / Grocery,Johannesburg,,,,,,,New,OpenStreetMap
Mica,Retail / Hardware,Johannesburg,,,,,,,New,OpenStreetMap
pizzaNEWS Mayfair,Hospitality / Restaurant,Johannesburg,,,,,,,New,OpenStreetMap
Food Lover's Market,Retail / Grocery,Johannesburg,,,,,,,New,OpenStreetMap
Meliville Vetinary Clinic,Veterinary,Johannesburg,,,,,,,New,OpenStreetMap
Doppio Zero,Hospitality / Restaurant,Johannesburg,,,,,,,New,OpenStreetMap
Link,Medical / Pharmacy,Johannesburg,,,,,,,New,OpenStreetMap
Mugg & Bean,Hospitality / Restaurant,Johannesburg,,,,,,,New,OpenStreetMap
Robot Hardware,Retail / Grocery,Johannesburg,,,,,,,New,OpenStreetMap
O Peri Peri Edenglen,Hospitality / Restaurant,Johannesburg,,,,,,,New,OpenStreetMap
Malagueta,Hospitality / Restaurant,Johannesburg,2 Main Road eastleigh,,,,,,New,OpenStreetMap
Pick and Pay,Retail / Grocery,Johannesburg,,,,,,,New,OpenStreetMap
The Original Grillhouse(closed),Hospitality / Restaurant,Johannesburg,,,,,,,New,OpenStreetMap
Friendly,Retail / Grocery,Johannesburg,,,,,,,New,OpenStreetMap
Dischem,Medical / Pharmacy,Johannesburg,,,,,,,New,OpenStreetMap
Taste of India,Hospitality / Restaurant,Johannesburg,,https://www.tasteofindia.co.za/,+27 11 234 1727; +27 11 234 1766,toi.customercare@gmail.com,Found on listing,,New,OpenStreetMap
Michelangelo,Hospitality / Hotel,Johannesburg,,,,,,,New,OpenStreetMap
Maraschino's,Hospitality / Restaurant,Johannesburg,,,,,,,New,OpenStreetMap
Markham,Retail / Fashion,Johannesburg,,,,,,,New,OpenStreetMap
Europa,Hospitality / Restaurant,Johannesburg,,,,,,,New,OpenStreetMap
Cafe Trieste,Hospitality / Cafe,Johannesburg,,,,,,,New,OpenStreetMap
Garden Court Eastgate,Hospitality / Hotel,Johannesburg,Ernest Oppenheimer Avenue Johannesburg,https://www.southernsun.com/garden-court-eastgate?utm_source=openstreetmaps&utm_medium=businesslisting&utm_campaign=hotel_garden-court-eastgate,+27 11 622 0570,gceastgate.reservations@southernsun.com,Found on listing,,New,OpenStreetMap
PEP,Retail / Fashion,Johannesburg,Roodepoort,,+27 11 794 1678,,,,New,OpenStreetMap
Zandspruit Hyper,Retail / Grocery,Johannesburg,,,,,,,New,OpenStreetMap
Alpha Pharm,Medical / Pharmacy,Johannesburg,,,,,,,New,OpenStreetMap
Turtle Creek,Hospitality / Restaurant,Johannesburg,,,,,,,New,OpenStreetMap
Linger Longer,Hospitality / Restaurant,Johannesburg,,,,,,,New,OpenStreetMap
Shankara,Retail / Fashion,Johannesburg,,,,,,,New,OpenStreetMap
Kozi-Kids,Retail / Fashion,Johannesburg,,,,,,,New,OpenStreetMap
Office Logistics,Furniture / Retail,Johannesburg,,,,,,,New,OpenStreetMap
Butlers,Hospitality / Restaurant,Johannesburg,,,,,,,New,OpenStreetMap
Eastern Pearl,Hospitality / Restaurant,Johannesburg,,,,,,,New,OpenStreetMap
Furn City,Furniture / Retail,Johannesburg,,,,,,,New,OpenStreetMap
The Jeans Co,Retail / Fashion,Johannesburg,,,,,,,New,OpenStreetMap
UK,Retail / Fashion,Johannesburg,,,,,,,New,OpenStreetMap
Edgards,Retail / Fashion,Johannesburg,,,,,,,New,OpenStreetMap
Bradlows,Furniture / Retail,Johannesburg,,,,,,,New,OpenStreetMap
Lewis,Furniture / Retail,Johannesburg,,,,,,,New,OpenStreetMap
Price 'n Pride,Furniture / Retail,Johannesburg,,,,,,,New,OpenStreetMap
Ackermans,Retail / Fashion,Johannesburg,,,,,,,New,OpenStreetMap
Independent,Furniture / Retail,Johannesburg,,,,,,,New,OpenStreetMap
Super,Retail / Electronics,Johannesburg,,,,,,,New,OpenStreetMap
Cross Roads,Medical / Pharmacy,Johannesburg,,,,,,,New,OpenStreetMap
Oakmed,Medical / Pharmacy,Johannesburg,,,,,,,New,OpenStreetMap
Shoprite,Retail / Grocery,Johannesburg,Randburg,https://www.shoprite.co.za/store-details/7612,+27 11 998 1840,info@shoprite.co.za,Guessed - Verify,,New,OpenStreetMap
Pizza Perfect,Hospitality / Restaurant,Johannesburg,,,,,,,New,OpenStreetMap
Medicare,Medical / Pharmacy,Johannesburg,,,,,,,New,OpenStreetMap
Vila Algarve,Hospitality / Restaurant,Johannesburg,,,,,,,New,OpenStreetMap
Gian Carlo's,Hospitality / Restaurant,Johannesburg,,,,,,,New,OpenStreetMap
The Bohemian,Hospitality / Restaurant,Johannesburg,,,,,,,New,OpenStreetMap
Road Lodge,Hospitality / Hotel,Johannesburg,,,,,,,New,OpenStreetMap
2b,Hospitality / Restaurant,Johannesburg,,,,,,,New,OpenStreetMap
Naartjie,Retail / Fashion,Johannesburg,,,,,,,New,OpenStreetMap
Lexus,Automotive / Repair,Johannesburg,,,,,,,New,OpenStreetMap
African,Hospitality / Restaurant,Johannesburg,,,,,,,New,OpenStreetMap
Leather Gallery,Furniture / Retail,Johannesburg,,,,,,,New,OpenStreetMap
Golfers Club,Retail / Fashion,Johannesburg,,,,,,,New,OpenStreetMap
Palazzo Towers East,Hospitality / Hotel,Johannesburg,,,,,,,New,OpenStreetMap
Papachinos,Hospitality / Cafe,Johannesburg,Witkoppen Road,https://www.papachinos.co.za/fourways,+27 11 467 4460,fourways@papachinos.co.za,Found on listing,,New,OpenStreetMap
Rion,Furniture / Retail,Johannesburg,,,,,,,New,OpenStreetMap
The Bed Store,Furniture / Retail,Johannesburg,,,,,,,New,OpenStreetMap
Branded Beds,Furniture / Retail,Johannesburg,,,,,,,New,OpenStreetMap
Weleda,Medical / Pharmacy,Johannesburg,,,,,,,New,OpenStreetMap
Cane Warehouse,Furniture / Retail,Johannesburg,,,,,,,New,OpenStreetMap
The Steamworks Gastropub,Hospitality / Restaurant,Johannesburg,Sunset Avenue,,,,,,New,OpenStreetMap
Beds for Africa,Furniture / Retail,Johannesburg,,,,,,,New,OpenStreetMap
Candeia,Hospitality / Restaurant,Johannesburg,,,,,,,New,OpenStreetMap
The Couch Connection,Furniture / Retail,Johannesburg,,,,,,,New,OpenStreetMap
Unique W,Furniture / Retail,Johannesburg,,,,,,,New,OpenStreetMap
Xtreme zone,Retail / Fashion,Johannesburg,,,,,,,New,OpenStreetMap
Wetherlys,Furniture / Retail,Johannesburg,,,,,,,New,OpenStreetMap
Stax,Retail / Electronics,Johannesburg,,,,,,,New,OpenStreetMap
Identity,Retail / Fashion,Johannesburg,,,,,,,New,OpenStreetMap
Mr Price,Retail / Fashion,Johannesburg,,,,,,,New,OpenStreetMap
Vitahealth,Medical / Pharmacy,Johannesburg,,,,,,,New,OpenStreetMap
Fournos Bakery,Hospitality / Restaurant,Johannesburg,,,,,,,New,OpenStreetMap
Dial a Bed,Furniture / Retail,Johannesburg,,,,,,,New,OpenStreetMap
City,Furniture / Retail,Johannesburg,,,,,,,New,OpenStreetMap
Tiger Wheel,Automotive / Repair,Johannesburg,,https://www.twt.co.za/store-details/?locationid=8466c772-8710-40b0-9931-86f0e5452596,,info@twt.co.za,Guessed - Verify,,New,OpenStreetMap
Spur,Hospitality / Restaurant,Johannesburg,,,,,,,New,OpenStreetMap
Meltz,Retail / Fashion,Johannesburg,,,,,,,New,OpenStreetMap
Mega,Furniture / Retail,Johannesburg,,,,,,,New,OpenStreetMap
Tums and Tots,Retail / Fashion,Johannesburg,,,,,,,New,OpenStreetMap
Chrysler,Automotive / Repair,Johannesburg,,,,,,,New,OpenStreetMap
Clicks,Medical / Pharmacy,Johannesburg,,https://clicks.co.za/store/Fourways-Gardens-(Intercare)/268,,info@clicks.co.za,Guessed - Verify,,New,OpenStreetMap
Baby City,Retail / Fashion,Johannesburg,,,,,,,New,OpenStreetMap
Game,Retail / Grocery,Johannesburg,Fourways Boulevard Johannesburg,https://www.game.co.za/,+27861 426 031,info@game.co.za,Guessed - Verify,,New,OpenStreetMap
Dis-Chem,Medical / Pharmacy,Johannesburg,,,,,,,New,OpenStreetMap
Mimmos,Hospitality / Restaurant,Johannesburg,,,,,,,New,OpenStreetMap
Hogshead,Hospitality / Restaurant,Johannesburg,,,,,,,New,OpenStreetMap
The Throbbing Stawberry,Hospitality / Restaurant,Johannesburg,,,,,,,New,OpenStreetMap
City Lodge,Hospitality / Hotel,Johannesburg,,,,,,,New,OpenStreetMap
Mistry's,Furniture / Retail,Johannesburg,,,,,,,New,OpenStreetMap
Malanshof KwikSpar,Retail / Grocery,Johannesburg,,,,,,,New,OpenStreetMap
Tony's Bar and Grill,Hospitality / Restaurant,Johannesburg,,,,,,,New,OpenStreetMap
Bossa,Hospitality / Restaurant,Johannesburg,,,,,,,New,OpenStreetMap
Checkers Hyper,Retail / Grocery,Johannesburg,Germiston,https://www.checkers.co.za/store-directory-and-leaflets/store-details/7735,+27 11 579 3400,info@checkers.co.za,Guessed - Verify,,New,OpenStreetMap
Midrand Campus,Education,Johannesburg,,,,,,,New,OpenStreetMap
Second Chance,Retail / Fashion,Johannesburg,,,,,,,New,OpenStreetMap
Sonrise,Hospitality / Cafe,Johannesburg,,,,,,,New,OpenStreetMap
Opel; Isuzu,Automotive / Repair,Johannesburg,,,,,,,New,OpenStreetMap
The Indian Chef,Hospitality / Restaurant,Johannesburg,,,,,,,New,OpenStreetMap
Pizza Pasta Grill,Hospitality / Restaurant,Johannesburg,,,,,,,New,OpenStreetMap
Golden Dragon,Hospitality / Restaurant,Johannesburg,,,,,,,New,OpenStreetMap
The Grill Shop,Hospitality / Restaurant,Johannesburg,,,,,,,New,OpenStreetMap
Jordaan,Dental,Johannesburg,,,,,,,New,OpenStreetMap
Sorento,Hospitality / Cafe,Johannesburg,,,,,,,New,OpenStreetMap
Woolworths Food,Retail / Grocery,Johannesburg,,,,,,,New,OpenStreetMap
Salvatore,Hospitality / Restaurant,Johannesburg,,,,,,,New,OpenStreetMap
Second Cup,Hospitality / Cafe,Johannesburg,,,,,,,New,OpenStreetMap
Cats,Hospitality / Cafe,Johannesburg,,,,,,,New,OpenStreetMap
Xclusive,Retail / Fashion,Johannesburg,,,,,,,New,OpenStreetMap
Miladys,Retail / Fashion,Johannesburg,,,,,,,New,OpenStreetMap
Primi Piatti,Hospitality / Restaurant,Johannesburg,,,,,,,New,OpenStreetMap
Medicare Pharmacy,Medical / Pharmacy,Johannesburg,,,,,,,New,OpenStreetMap
Pantelli's,Hospitality / Restaurant,Johannesburg,,,,,,,New,OpenStreetMap
Del Soul,Hospitality / Cafe,Johannesburg,,,,,,,New,OpenStreetMap
Fresh House,Retail / Grocery,Johannesburg,,,,,,,New,OpenStreetMap
The Corner,Medical / Pharmacy,Johannesburg,,,,,,,New,OpenStreetMap
Pride of India,Hospitality / Restaurant,Johannesburg,,,,,,,New,OpenStreetMap
De Wildebeest Guesthouse,Hospitality / Guest House,Johannesburg,,,,,,,New,OpenStreetMap
Superspar,Retail / Grocery,Johannesburg,,,,,,,New,OpenStreetMap
June's Collection,Retail / Fashion,Johannesburg,,,,,,,New,OpenStreetMap
Glitz & Glamour,Retail / Fashion,Johannesburg,,,,,,,New,OpenStreetMap
Olu & Chi,Retail / Fashion,Johannesburg,,,,,,,New,OpenStreetMap
Seattle Coffee Company,Hospitality / Cafe,Johannesburg,,https://www.seattlecoffeecompany.co.za/store/the-wedge/,,info@seattlecoffeecompany.co.za,Guessed - Verify,,New,OpenStreetMap
KIA motor,Automotive,Johannesburg,,,,,,,New,OpenStreetMap
Aston Martin,Automotive,Johannesburg,,,,,,,New,OpenStreetMap
Miles Art Gallery,Hospitality / Cafe,Johannesburg,,,,,,,New,OpenStreetMap
Nazarene Theological,Education,Johannesburg,,,,,,,New,OpenStreetMap
Alpha Sales,Furniture / Retail,Johannesburg,,,,,,,New,OpenStreetMap
Courtnay's,Hospitality / Guest House,Johannesburg,,,,,,,New,OpenStreetMap
Rhino,Retail / Hardware,Johannesburg,,,,,,,New,OpenStreetMap
HiFi Corporation,Retail / Electronics,Johannesburg,Waterval Crescent,https://www.hificorp.co.za/storelocator/store/index/id/757,+27 11 785 4100,info@hificorp.co.za,Guessed - Verify,,New,OpenStreetMap
Cambridge Crossing Pharmacy,Medical / Pharmacy,Johannesburg,,,,,,,New,OpenStreetMap
Toyota,Automotive / Repair,Johannesburg,,,,,,,New,OpenStreetMap
Danmar,Automotive / Repair,Johannesburg,,,,,,,New,OpenStreetMap
Le Provocateur Afrique,Retail / Fashion,Johannesburg,,,,,,,New,OpenStreetMap
Kauai,Hospitality / Cafe,Johannesburg,,,,,,,New,OpenStreetMap
Boskruin Veterinary Clinic,Veterinary,Johannesburg,Kowie Road,https://www.boskruinvet.co.za/,+27 11 792 0484; +27 82 853 4004,vet@boskruinvet.co.za,Found on listing,,New,OpenStreetMap
Zest coffe shop,Hospitality / Cafe,Johannesburg,,,,,,,New,OpenStreetMap
Mica Boskruin,Retail / Hardware,Johannesburg,,,,,,,New,OpenStreetMap
Silverstone Guest House,Hospitality / Guest House,Johannesburg,195 Oak Avenue,,,,,,New,OpenStreetMap
Ninety North Guest House,Hospitality / Guest House,Johannesburg,90 North Street Beverley Gardens,,,,,,New,OpenStreetMap
Ferndale Lodge,Hospitality / Guest House,Johannesburg,,,,,,,New,OpenStreetMap
The French Lodge,Hospitality / Guest House,Johannesburg,,,,,,,New,OpenStreetMap
Villa Schreiner,Hospitality / Guest House,Johannesburg,2 Saffier Street,,,,,,New,OpenStreetMap
Harris House,Hospitality / Guest House,Johannesburg,,,,,,,New,OpenStreetMap
Robins Rest,Hospitality / Guest House,Johannesburg,,,,,,,New,OpenStreetMap
Cashbuild,Retail / Hardware,Johannesburg,,,,,,,New,OpenStreetMap
Liz at Lancaster,Hospitality / Guest House,Johannesburg,,,,,,,New,OpenStreetMap
Clico Guesthouse,Hospitality / Guest House,Johannesburg,,,,,,,New,OpenStreetMap
Neder-Port Cottages,Hospitality / Guest House,Johannesburg,,,,,,,New,OpenStreetMap
Truworths,Retail / Fashion,Johannesburg,,,,,,,New,OpenStreetMap
Riverbend Country House,Hospitality / Guest House,Johannesburg,,,,,,,New,OpenStreetMap
African Lodge,Hospitality / Guest House,Johannesburg,,,,,,,New,OpenStreetMap
Russells,Furniture / Retail,Johannesburg,Johannesburg,,,,,,New,OpenStreetMap
Legit,Retail / Fashion,Johannesburg,Johannesburg,,,,,,New,OpenStreetMap
Rissik Street Outfitters,Retail / Fashion,Johannesburg,Johannesburg,,,,,,New,OpenStreetMap
Replay,Retail / Fashion,Johannesburg,,,,,,,New,OpenStreetMap
Cameraland,Retail / Electronics,Johannesburg,,,,,,,New,OpenStreetMap
Cappello,Hospitality / Cafe,Johannesburg,,,,,,,New,OpenStreetMap
Urban Hilton Weiner,Retail / Fashion,Johannesburg,,,,,,,New,OpenStreetMap
Hugo Boss,Retail / Fashion,Johannesburg,,,,,,,New,OpenStreetMap
Lacoste,Retail / Fashion,Johannesburg,,,,,,,New,OpenStreetMap
Grays,Retail / Fashion,Johannesburg,,,,,,,New,OpenStreetMap
Aigner,Retail / Fashion,Johannesburg,,,,,,,New,OpenStreetMap
Jenni Button,Retail / Fashion,Johannesburg,,,,,,,New,OpenStreetMap
Gant,Retail / Fashion,Johannesburg,,,,,,,New,OpenStreetMap
Fabian,Retail / Fashion,Johannesburg,,,,,,,New,OpenStreetMap
Desch,Retail / Fashion,Johannesburg,,,,,,,New,OpenStreetMap
Morgan de Toi,Retail / Fashion,Johannesburg,,,,,,,New,OpenStreetMap
Temptations,Retail / Fashion,Johannesburg,,,,,,,New,OpenStreetMap
Dore,Retail / Fashion,Johannesburg,,,,,,,New,OpenStreetMap
Coricraft,Furniture / Retail,Johannesburg,,,,,,,New,OpenStreetMap
Design Plus,Furniture / Retail,Johannesburg,,,,,,,New,OpenStreetMap
Rivonia Toyota,Automotive,Johannesburg,Rivonia Road Johannesburg,https://www.toyota.co.za/dealership/rivonia-toyota,+27 11 275 1699,info@toyota.co.za,Guessed - Verify,,New,OpenStreetMap
Manorswood Veterinary Clinic,Veterinary,Johannesburg,,,,,,,New,OpenStreetMap
Villa barcelona Cafe,Hospitality / Cafe,Johannesburg,Van Zyl Street Albertville,,,,,,New,OpenStreetMap
Mega Couch and Mattress,Furniture / Retail,Johannesburg,,,,,,,New,OpenStreetMap
Klip-Els,Hospitality / Guest House,Johannesburg,,,,,,,New,OpenStreetMap
City Lodge Fourways,Hospitality / Hotel,Johannesburg,Monte Casino Boulevard Johannesburg,https://citylodgehotels.com/hotels/120/city-lodge-hotel-fourways?map=1,+27 11 244 6000,clfourways.resv@citylodgehotels.com,Found on listing,,New,OpenStreetMap
Dis-Chem Cresta,Medical / Pharmacy,Johannesburg,,,,,,,New,OpenStreetMap
Bacini's,Hospitality / Cafe,Johannesburg,,,,,,,New,OpenStreetMap
Tiffany's,Hospitality / Cafe,Johannesburg,,,,,,,New,OpenStreetMap
News Cafe,Hospitality / Cafe,Johannesburg,,,,,,,New,OpenStreetMap
Sony,Retail / Electronics,Johannesburg,,,,,,,New,OpenStreetMap
Balcombs,Furniture / Retail,Johannesburg,,,,,,,New,OpenStreetMap
foood,Hospitality / Cafe,Johannesburg,,,,,,,New,OpenStreetMap
Seattle,Hospitality / Cafe,Johannesburg,,,,,,,New,OpenStreetMap
Dominique's,Hospitality / Cafe,Johannesburg,,,,,,,New,OpenStreetMap
Piatto,Hospitality / Cafe,Johannesburg,,,,,,,New,OpenStreetMap
Thaba Ya Batswana reception,Hospitality / Hotel,Johannesburg,,,,,,,New,OpenStreetMap
The Daily,Hospitality / Cafe,Johannesburg,,,,,,,New,OpenStreetMap
Sotran,Furniture / Retail,Johannesburg,,,,,,,New,OpenStreetMap
Ford,Automotive / Repair,Johannesburg,,,,,,,New,OpenStreetMap
Mercure,Hospitality / Hotel,Johannesburg,Old Pretoria Main Road Midrand,,+27 11 312 2020,,,,New,OpenStreetMap
Kwikfit,Automotive / Repair,Johannesburg,,,,,,,New,OpenStreetMap
bros,Furniture / Retail,Johannesburg,,,,,,,New,OpenStreetMap
Hi-Q,Automotive / Repair,Johannesburg,,,,,,,New,OpenStreetMap
Four Trees,Hospitality / Guest House,Johannesburg,,,,,,,New,OpenStreetMap
Belfry,Hospitality / Cafe,Johannesburg,,,,,,,New,OpenStreetMap
Elizabeth Manor,Hospitality / Guest House,Johannesburg,,,,,,,New,OpenStreetMap
All Sorts Cafe,Hospitality / Cafe,Johannesburg,,,,,,,New,OpenStreetMap
Boulevard Cafe Restaurant,Hospitality / Cafe,Johannesburg,,,,,,,New,OpenStreetMap
Tyre Express,Automotive / Repair,Johannesburg,,,,,,,New,OpenStreetMap
MTN shop (cellphones),Retail / Electronics,Johannesburg,,,,,,,New,OpenStreetMap
Dental Surgery,Dental,Johannesburg,,,,,,,New,OpenStreetMap
THD electronics,Retail / Electronics,Johannesburg,,,,,,,New,OpenStreetMap
Kwa-Bungane guest house,Hospitality / Guest House,Johannesburg,,,,,,,New,OpenStreetMap
Melrose Place Guest Lodge,Hospitality / Guest House,Johannesburg,,,,,,,New,OpenStreetMap
Galleon,Medical / Pharmacy,Johannesburg,,,,,,,New,OpenStreetMap
Tashas,Hospitality / Cafe,Johannesburg,,https://www.tashascafe.com/locations/johannesburg/morningside/,+27 11 326 5331,morningside@tashascafe.com,Found on listing,,New,OpenStreetMap
Naked,Hospitality / Cafe,Johannesburg,,,,,,,New,OpenStreetMap
Eden Tech,Retail / Electronics,Johannesburg,,,,,,,New,OpenStreetMap
Executive Toys,Automotive,Johannesburg,,,,,,,New,OpenStreetMap
The Munday B&B,Hospitality / Guest House,Johannesburg,,,,,,,New,OpenStreetMap
Kodak,Retail / Electronics,Johannesburg,,,,,,,New,OpenStreetMap
Karibo,Hospitality / Guest House,Johannesburg,,,,,,,New,OpenStreetMap
Ouklip Pharmacy,Medical / Pharmacy,Johannesburg,Ouklip Road Roodepoort,,+27 117644813,,,,New,OpenStreetMap
Black Eagle Boutique Hotel,Hospitality / Hotel,Johannesburg,88 Doreen Road Poortview,http://www.blackeaglevenue.co.za,+27 11 958 5225,info@blackeaglevenue.co.za,Found on listing,,New,OpenStreetMap
Musica,Retail / Electronics,Johannesburg,,,,,,,New,OpenStreetMap
MTN,Retail / Electronics,Johannesburg,,,,,,,New,OpenStreetMap
Paint & Place,Retail / Hardware,Johannesburg,,,,,,,New,OpenStreetMap
Ruimsig Country Spa,Hospitality / Guest House,Johannesburg,,,,,,,New,OpenStreetMap
The Coffee Fountain,Hospitality / Cafe,Johannesburg,,,,,,,New,OpenStreetMap
Fairway Guest House,Hospitality / Guest House,Johannesburg,,,,,,,New,OpenStreetMap
Cafe Rendevous,Hospitality / Cafe,Johannesburg,,,,,,,New,OpenStreetMap
Boardmans,Furniture / Retail,Johannesburg,,,,,,,New,OpenStreetMap
Fego,Hospitality / Cafe,Johannesburg,,,,,,,New,OpenStreetMap
Sugar shoe,Furniture / Retail,Johannesburg,,,,,,,New,OpenStreetMap
Chinos,Hospitality / Cafe,Johannesburg,,,,,,,New,OpenStreetMap
White Horns,Furniture / Retail,Johannesburg,,,,,,,New,OpenStreetMap
Roodepoort Furniture,Furniture / Retail,Johannesburg,,,,,,,New,OpenStreetMap
Morkels,Furniture / Retail,Johannesburg,,,,,,,New,OpenStreetMap
OK Furniture,Furniture / Retail,Johannesburg,,,,,,,New,OpenStreetMap
Fairlawns Hotel,Hospitality / Hotel,Johannesburg,1 Alma Road,https://fairlawns.co.za/,+27 11 808 7300; +27 11 804 2540; +27 72 764 2886,functions@fairlawns.co.za,Found on site,,New,OpenStreetMap
Amba Court,Hospitality / Guest House,Johannesburg,,,,,,,New,OpenStreetMap
YMCA,Hospitality / Hotel,Johannesburg,,,,,,,New,OpenStreetMap
Ashanti,Hospitality / Hotel,Johannesburg,,,,,,,New,OpenStreetMap
Mapungubwe Hotel Apartments,Hospitality / Hotel,Johannesburg,,,,,,,New,OpenStreetMap
Cramers Coffee,Hospitality / Cafe,Johannesburg,Johannesburg,,,,,,New,OpenStreetMap
Mothopo Hotel,Hospitality / Hotel,Johannesburg,,,,,,,New,OpenStreetMap
Grand Hotel,Hospitality / Hotel,Johannesburg,93 Kerk Street Johannesburg,,,,,,New,OpenStreetMap
Hotel Moulin Rouge,Hospitality / Hotel,Johannesburg,,,,,,,New,OpenStreetMap
Diplomat Hotel,Hospitality / Hotel,Johannesburg,,,,,,,New,OpenStreetMap
Johannesburger Hotel,Hospitality / Hotel,Johannesburg,,,+27 117253753,,,,New,OpenStreetMap
The Park Street Hotel,Hospitality / Hotel,Johannesburg,,,,,,,New,OpenStreetMap
Rand Inn Hotel,Hospitality / Hotel,Johannesburg,,,+27 11 336 2735; +27 11 336 2702,,,,New,OpenStreetMap
Nino's,Hospitality / Cafe,Johannesburg,,,,,,,New,OpenStreetMap
BMW,Automotive,Johannesburg,Johannesburg,,,,,,New,OpenStreetMap
Ramonet,Hospitality / Cafe,Johannesburg,Johannesburg,,,,,,New,OpenStreetMap
Royal Park Hotel,Hospitality / Hotel,Johannesburg,,,,,,,New,OpenStreetMap
Maxime Hotel,Hospitality / Hotel,Johannesburg,,,,,,,New,OpenStreetMap
Pino's Italian Coffee,Hospitality / Cafe,Johannesburg,,,,,,,New,OpenStreetMap
Holiday Inn,Hospitality / Hotel,Johannesburg,Oxford Road Johannesburg,,+27 112186000,,,,New,OpenStreetMap
Court Hotel,Hospitality / Hotel,Johannesburg,,,,,,,New,OpenStreetMap
Hotel Constantia,Hospitality / Hotel,Johannesburg,,,,,,,New,OpenStreetMap
Builders Express,Retail / Hardware,Johannesburg,,,,,,,New,OpenStreetMap
Once in Joburg,Hospitality / Hotel,Johannesburg,90 De Korte Street Johannesburg,http://onceinjoburg.co.za,+27 10 599 0259,reservations@once.travel,Found on listing,,New,OpenStreetMap
Audi Johannesburg,Automotive,Johannesburg,,,,,,,New,OpenStreetMap
Tudhope Loge Hotel,Hospitality / Hotel,Johannesburg,,,+27 11480153,,,,New,OpenStreetMap
Vistaero Furnished Apartments,Hospitality / Hotel,Johannesburg,,,+27 116434954,,,,New,OpenStreetMap
Essop's Furnishers,Furniture / Retail,Johannesburg,,,,,,,New,OpenStreetMap
Cafe Bugatti,Hospitality / Cafe,Johannesburg,,,,,,,New,OpenStreetMap
Photocats,Retail / Electronics,Johannesburg,,,,,,,New,OpenStreetMap
Chubby Cheeks,Furniture / Retail,Johannesburg,,,,,,,New,OpenStreetMap
Dulce,Hospitality / Cafe,Johannesburg,,,,,,,New,OpenStreetMap
Jack's Paint,Retail / Hardware,Johannesburg,,,,,,,New,OpenStreetMap
Furniture City,Furniture / Retail,Johannesburg,,,,,,,New,OpenStreetMap
Cheeky Rooms,Furniture / Retail,Johannesburg,,,,,,,New,OpenStreetMap
Rochestor,Furniture / Retail,Johannesburg,,,,,,,New,OpenStreetMap
Mega Couch & Matress,Furniture / Retail,Johannesburg,,,,,,,New,OpenStreetMap
Ascot,Furniture / Retail,Johannesburg,,,,,,,New,OpenStreetMap
Dial-A-Bed,Furniture / Retail,Johannesburg,,,,,,,New,OpenStreetMap
Skymark Electronics,Retail / Electronics,Johannesburg,,,,,,,New,OpenStreetMap
Boost Juice,Hospitality / Cafe,Johannesburg,,,,,,,New,OpenStreetMap
Stoneridge,Medical / Pharmacy,Johannesburg,,,,,,,New,OpenStreetMap
Vets Mart,Veterinary,Johannesburg,,,,,,,New,OpenStreetMap
Cuppicinos,Hospitality / Cafe,Johannesburg,,,,,,,New,OpenStreetMap
Baliombs,Furniture / Retail,Johannesburg,,,,,,,New,OpenStreetMap
En Style,Furniture / Retail,Johannesburg,,,,,,,New,OpenStreetMap
House of Coffees,Hospitality / Cafe,Johannesburg,,,,,,,New,OpenStreetMap
Freedom Furnishers,Furniture / Retail,Johannesburg,,,,,,,New,OpenStreetMap
PG Glass,Automotive / Repair,Johannesburg,,,,,,,New,OpenStreetMap
Sure Security,Retail / Electronics,Johannesburg,,,,,,,New,OpenStreetMap
Thule,Automotive,Johannesburg,,,,,,,New,OpenStreetMap
Cash Converters,Retail / Electronics,Johannesburg,,,,,,,New,OpenStreetMap
Medicare 14th Ave Pharmacy,Medical / Pharmacy,Johannesburg,,,,,,,New,OpenStreetMap
The Cinnebon,Hospitality / Cafe,Johannesburg,,,,,,,New,OpenStreetMap
L'Corro Pharmacy,Medical / Pharmacy,Johannesburg,,,,,,,New,OpenStreetMap
Volkswagen,Automotive,Johannesburg,,,,,,,New,OpenStreetMap
Handy Hardware,Retail / Hardware,Johannesburg,,,,,,,New,OpenStreetMap
Volting Electrical,Retail / Electronics,Johannesburg,,,,,,,New,OpenStreetMap
Midas,Automotive / Repair,Johannesburg,,,,,,,New,OpenStreetMap
Eat Bistro,Hospitality / Cafe,Johannesburg,,,,,,,New,OpenStreetMap
Caffe Espresso,Hospitality / Cafe,Johannesburg,,,,,,,New,OpenStreetMap
Succulent,Hospitality / Cafe,Johannesburg,,,,,,,New,OpenStreetMap
My Brezel,Hospitality / Cafe,Johannesburg,,,,,,,New,OpenStreetMap
BestDrive,Automotive / Repair,Johannesburg,,,,,,,New,OpenStreetMap
Supa Quick,Automotive / Repair,Johannesburg,,,,,,,New,OpenStreetMap
Builders Warehouse Strubens Valley,Retail / Hardware,Johannesburg,Jim Fouche Road,https://www.builders.co.za/,+27 10 003 4300,info@builders.co.za,Guessed - Verify,,New,OpenStreetMap
Woodmead Pharmacy,Medical / Pharmacy,Johannesburg,,,,,,,New,OpenStreetMap
Dr. Lino Cericola,Dental,Johannesburg,,,,,,,New,OpenStreetMap
Corlett City,Veterinary,Johannesburg,,,,,,,New,OpenStreetMap
Travellinck International,General Business,Johannesburg,,http://www.travellinck.com/,,info@travellinck.com,Guessed - Verify,,New,OpenStreetMap
Tlamo Auto Mechanic,Automotive / Repair,Johannesburg,,,,,,,New,OpenStreetMap
Fourways Auto,Automotive,Johannesburg,,,,,,,New,OpenStreetMap
Renault,Automotive,Johannesburg,,,,,,,New,OpenStreetMap
Suzuki Rivonia,Automotive,Johannesburg,,https://www.suzukirivonia.co.za/,+27 11 234 7118,admin1@suzukirivonia.co.za,Found on listing,,New,OpenStreetMap
Good Health,Medical / Pharmacy,Johannesburg,,,,,,,New,OpenStreetMap
Seattle Coffee,Hospitality / Cafe,Johannesburg,,https://www.seattlecoffeecompany.co.za/,,info@seattleco.com,Found on listing,,New,OpenStreetMap
Top Gear,Automotive,Johannesburg,,,,,,,New,OpenStreetMap
On Tap,Retail / Hardware,Johannesburg,,,,,,,New,OpenStreetMap
Wilgeheuwel,Medical / Pharmacy,Johannesburg,,,,,,,New,OpenStreetMap
Juka's,Automotive / Repair,Johannesburg,,,,,,,New,OpenStreetMap
Car Service City,Automotive / Repair,Johannesburg,,,,,,,New,OpenStreetMap
Lock Warehouse,Retail / Hardware,Johannesburg,,,,,,,New,OpenStreetMap
Timber City,Retail / Hardware,Johannesburg,,,,,,,New,OpenStreetMap
Security Zone,Retail / Electronics,Johannesburg,,,,,,,New,OpenStreetMap
Bez Mega Motors,Automotive,Johannesburg,6 Van Riebeeck Avenue Alberton,,+27 119074151,,,,New,OpenStreetMap
"Solms Training, Consulting & Development",General Business,Johannesburg,113 Barry Hertzog Avenue,https://www.solms.co.za/,,enquiries@solmstc.com,Found on site,,New,OpenStreetMap
Holiday Inn Express,Hospitality / Hotel,Johannesburg,,,,,,,New,OpenStreetMap
Rocha's Paint & Building Supplies,Retail / Hardware,Johannesburg,,,,,,,New,OpenStreetMap
One John 5 Four Lodge,Hospitality / Hotel,Johannesburg,,,,,,,New,OpenStreetMap
Melville Manor,Hospitality / Guest House,Johannesburg,,,,,,,New,OpenStreetMap
Supa Quix,Automotive / Repair,Johannesburg,,,,,,,New,OpenStreetMap
Cargo Motors,Automotive,Johannesburg,,,,,,,New,OpenStreetMap
Audi,Automotive,Johannesburg,,,,,,,New,OpenStreetMap
Genesis Hospitality,Hospitality / Hotel,Johannesburg,,,,,,,New,OpenStreetMap
Sabre Motors,Automotive,Johannesburg,,,,,,,New,OpenStreetMap
Hyundai,Automotive,Johannesburg,,,,,,,New,OpenStreetMap
"Judah Africa, Clinic",Medical / Clinic,Johannesburg,,,,,,,New,OpenStreetMap
Ssang Yong,Automotive,Johannesburg,,,,,,,New,OpenStreetMap
Glassfit,Automotive / Repair,Johannesburg,,,,,,,New,OpenStreetMap
Phoenix Motors,Automotive,Johannesburg,,,,,,,New,OpenStreetMap
Speedy's,Automotive / Repair,Johannesburg,,,,,,,New,OpenStreetMap
Striata SA HO,IT / Tech,Johannesburg,158 Jan Smuts Avenue Johannesburg,,,,,,New,OpenStreetMap
Fashion Design School - LISOF,Education,Johannesburg,,,,,,,New,OpenStreetMap
Radisson Blu Gautrain,Hospitality / Hotel,Johannesburg,,,,,,,New,OpenStreetMap
Radisson Blu Sandton,Hospitality / Hotel,Johannesburg,Daisy Street Johannesburg,,+27 11 245 8000,,,,New,OpenStreetMap
Mitzubishi Power Africa Ltd.,General Business,Johannesburg,Woodlands Drive,,,,,,New,OpenStreetMap
Akweja B&B Accommodation,Hospitality / Hotel,Johannesburg,,,,,,,New,OpenStreetMap
Akweja B&B Guest House,Hospitality / Guest House,Johannesburg,,,,,,,New,OpenStreetMap
Idwala,Hospitality / Guest House,Johannesburg,13 Garrick Road Darrenwood,https://www.idwala.com/,+27 11 888 1437,18d2f96d279149989b95faf0a4b41882@sentry-next.wixpress.com,Found on site,,New,OpenStreetMap
Protea Hotel Fire & Ice! Melrose Arch,Hospitality / Hotel,Johannesburg,22 Whiteley Road Gauteng,http://www.proteahotels.com/protea-hotel-fire-ice-melrose-arch.html,+27 11 218 4000,explorer@proteahotels.com,Found on site,,New,OpenStreetMap
Bandit Signs,Marketing / Advertising,Johannesburg,,,,,,,New,OpenStreetMap
Incredible Connection,Retail / Electronics,Johannesburg,,,,,,,New,OpenStreetMap
Hi-Fi Coorperation,Retail / Electronics,Johannesburg,,,,,,,New,OpenStreetMap
Andy''s office,General Business,Johannesburg,,,,,,,New,OpenStreetMap
Ae's office,General Business,Johannesburg,,,,,,,New,OpenStreetMap
Liliesleaf Historical Guest House,Hospitality / Guest House,Johannesburg,,,,,,,New,OpenStreetMap
CAE Mining Africa,General Business,Johannesburg,9 Fricker Road,,,,,,New,OpenStreetMap
Health Worx Cresta,Medical / Clinic,Johannesburg,"Weltevreden Road Cresta, Randburg",,+27 11 731 1000,,,,New,OpenStreetMap
Daytona Group,Automotive,Johannesburg,,,,,,,New,OpenStreetMap
Rolls-Royce Motor Cars Sandton,Automotive,Johannesburg,,,,,,,New,OpenStreetMap
African Pride Melrose Arch,Hospitality / Hotel,Johannesburg,1 Melrose Square,,,,,,New,OpenStreetMap
City Lodge Morningside,Hospitality / Hotel,Johannesburg,,,,,,,New,OpenStreetMap
Road Lodge - Johannesburg Airport,Hospitality / Hotel,Johannesburg,,,,,,,New,OpenStreetMap
Road Lodge - Isando,Hospitality / Hotel,Johannesburg,,,,,,,New,OpenStreetMap
Lyndhurst Auto,Automotive,Johannesburg,,,,,,,New,OpenStreetMap
Renault Melrose,Automotive,Johannesburg,65 Corlett Drive Johannesburg,https://renaultmelrose.co.za,+27100452682,info@renaultmelrose.co.za,Guessed - Verify,,New,OpenStreetMap
Wilro park service centre,Automotive / Repair,Johannesburg,,,,,,,New,OpenStreetMap
e News Channel Africa,General Business,Johannesburg,5 Summit Road,https://www.enca.com/,+27 83 1 222,info@enca.com,Found on site,,New,OpenStreetMap
Karter Margub & Associates cc,Architecture,Johannesburg,52 Queens Road Bryanston,https://www.the-architect.co.za/,,info@the-architect.co.za,Guessed - Verify,,New,OpenStreetMap
HP Johannesburg Office,General Business,Johannesburg,,,,,,,New,OpenStreetMap
Torque-IT Johannesburg Office,General Business,Johannesburg,,,,,,,New,OpenStreetMap
Garden Court Sandton CIty,Hospitality / Hotel,Johannesburg,Maude Street Sandton,https://www.southernsun.com/garden-court-sandton-city?utm_source=openstreetmaps&utm_medium=businesslisting&utm_campaign=hotel_garden-court-sandton-city,+27 11 269 7000,gcsandtoncity.reservations@southernsun.com,Found on listing,,New,OpenStreetMap
Ashwood Autosprint,Automotive / Repair,Johannesburg,32 5th Street,,,,,,New,OpenStreetMap
Argility,General Business,Johannesburg,34 Melrose Boulevard Johannesburg,,,,,,New,OpenStreetMap
Strathavon Bed and Breakfast,Hospitality / Hotel,Johannesburg,34 Dion Close,,+27114444205,,,,New,OpenStreetMap
Sandton Executive Suites - Hydro Park,Hospitality / Hotel,Johannesburg,86 Grayston Drive Sandton,,+27117840777,,,,New,OpenStreetMap
Fairland's Scout Hall,Medical / Clinic,Johannesburg,,,,,,,New,OpenStreetMap
Berario Clinic,Medical / Clinic,Johannesburg,"Dolores Avenue Randburg, Johannesburg",,+27 11 476 5642,,,,New,OpenStreetMap
Gallo Manor Country Lodge,Hospitality / Guest House,Johannesburg,23 Canterbury Crescent Johannesburg,https://www.gallomanorlodge.co.za/,+27116561061,info@gallomanorlodge.co.za,Guessed - Verify,,New,OpenStreetMap
Jukskei Park Veterinary Clinic,Veterinary,Johannesburg,,,,,,,New,OpenStreetMap
Waterford Land Rover,Automotive,Johannesburg,,,,,,,New,OpenStreetMap
Suburbian Lodge,Hospitality / Guest House,Johannesburg,17 Klip Street,,,,,,New,OpenStreetMap
Silica Financial Administration,General Business,Johannesburg,128 Peter Road,,,,,,New,OpenStreetMap
Samsung Electronics,General Business,Johannesburg,2929 Winnie Mandela Drive Bryanston,,,,,,New,OpenStreetMap
Southern Mapping Company,General Business,Johannesburg,39 Kingfisher Drive Johannesburg,http://www.southernmapping.com/,+2711 467 2609,info@southernmapping.com,Guessed - Verify,,New,OpenStreetMap
Witkoppen Health and Welfare Centre,Medical / Clinic,Johannesburg,105 Winnie Mandela Drive Johannesburg,http://www.witkoppen.org,,TSWBookings@witkoppen.co.za,Found on site,,New,OpenStreetMap
H3i Squared Trading CC,IT / Tech,Johannesburg,84 1st Avenue Edenvale,,,,,,New,OpenStreetMap
KIlulu Lodge,Hospitality / Guest House,Johannesburg,,,,,,,New,OpenStreetMap
OPEN Collaborative Space,General Business,Johannesburg,20 Kruger Street,https://www.open.co.za/maboneng.html,,info@open.co.za,Guessed - Verify,,New,OpenStreetMap
Hofbro Auto Body CC,Automotive / Repair,Johannesburg,37 Bosman Road Johannesburg,,,,,,New,OpenStreetMap
Cosoft Midrand,General Business,Johannesburg,94 Bekker Street Midrand,,,,,,New,OpenStreetMap
Brown Sugar Backpackers,Hospitality / Hotel,Johannesburg,,https://brownsugarbackpackers.com/,,info@brownsugarbackpackers.com,Found on site,,New,OpenStreetMap
Park Inn Sandton,Hospitality / Hotel,Johannesburg,118 Katherine Street Johannesburg,https://www.parkinn.com/hotel-sandton,+27113031000,info@parkinn.com,Guessed - Verify,,New,OpenStreetMap
Volkswagen Group South Africa,Automotive,Johannesburg,129 Patricia Road Sandton,https://www.vw.co.za/en.html,+27 41 994 5615,f@faisalman.com,Found on site,,New,OpenStreetMap
Amanzi Guest House,Hospitality / Guest House,Johannesburg,64 Rutland Avenue,,,,,,New,OpenStreetMap
TechDynamics (Pty) Ltd,IT / Tech,Johannesburg,,,,,,,New,OpenStreetMap
Digital Data System (Pty) Ltd,General Business,Johannesburg,Arbeid Avenue Strijdom Park,,,,,,New,OpenStreetMap
The Residence Houghton,Hospitality / Hotel,Johannesburg,17 4th Avenue,https://theresidence.co.za/,+27 11 853 2480,info@theresidence.co.za,Found on listing,,New,OpenStreetMap
AtholPlace Hotel,Hospitality / Hotel,Johannesburg,90 Pretoria Avenue Johannesburg,https://atholplace.co.za/,+27116154303,reservations@morukuru.com,Found on listing,,New,OpenStreetMap
Abbey Road Guest House,Hospitality / Guest House,Johannesburg,,,,,,,New,OpenStreetMap
Glenhove Conference,Hospitality / Hotel,Johannesburg,,,,,,,New,OpenStreetMap
The Maple Village Guest Lodge,Hospitality / Guest House,Johannesburg,22 Ferdinand Avenue,,+27116095204,,,,New,OpenStreetMap
DEKRA,Automotive / Repair,Johannesburg,,,,,,,New,OpenStreetMap
Randpark Ridge Specialist Veterinary Clinic,Veterinary,Johannesburg,,,,,,,New,OpenStreetMap
Ginnegaap Guest House,Hospitality / Guest House,Johannesburg,,,,,,,New,OpenStreetMap
Boston Consulting Group,General Business,Johannesburg,"4 Sandown Valley Crescent Sandton, Johannesburg",https://www.bcg.com/about/offices/johannesburg.aspx,+27112451600,info@bcg.com,Guessed - Verify,,New,OpenStreetMap
Huang Attorneys Inc,Legal,Johannesburg,154 Cumberland Road,https://www.huang.co.za/,+27 116159997,albert@huang.co.za,Found on listing,,New,OpenStreetMap
Nissan,Automotive,Johannesburg,,,,,,,New,OpenStreetMap
Bain & Company,General Business,Johannesburg,10 The High Street Johannesburg,https://www.bain.com/offices/africa/en_us/index.aspx,+27110129100,BainAfrica.Marketing@Bain.com,Found on site,,New,OpenStreetMap
Herman Nel Cars,Automotive,Johannesburg,,,,,,,New,OpenStreetMap
Modern Charm For Gourmets,Hospitality / Guest House,Johannesburg,113 1st Avenue,https://www.airbnb.com/rooms/8098655,+27834420044,steve@brimelow.org,Found on listing,,New,OpenStreetMap
MVC Marketing,General Business,Johannesburg,,,,,,,New,OpenStreetMap
Nthateng's B&B,Hospitality / Guest House,Johannesburg,6991 Inhlwathi Street,,,,,,New,OpenStreetMap
Mercedes-Benz Rosebank,Automotive,Johannesburg,158 Hood Avenue,https://www.mercedes-benzsa.co.za/,+27112522300,info@mercedes-benzsa.co.za,Guessed - Verify,,New,OpenStreetMap
Pieter Huis,Hospitality / Guest House,Johannesburg,,,,,,,New,OpenStreetMap
Boxman - Moving Boxes,Retail / Hardware,Johannesburg,,,,,,,New,OpenStreetMap
Builders Superstore,Retail / Hardware,Johannesburg,,https://www.builders.co.za/,,info@builders.co.za,Guessed - Verify,,New,OpenStreetMap
Bayport Financial Services,General Business,Johannesburg,23A 10th Avenue,https://www.bayportsa.com/,+27 872874000,clientcare@bayport.co.za,Found on site,,New,OpenStreetMap
Timosha,Hospitality / Guest House,Johannesburg,,,,,,,New,OpenStreetMap
Honda Motor Southern Africa,General Business,Johannesburg,,,,,,,New,OpenStreetMap
Colgate Palmolive,General Business,Johannesburg,,,,,,,New,OpenStreetMap
Premier FMCG,General Business,Johannesburg,,,,,,,New,OpenStreetMap
Attacq,General Business,Johannesburg,,,,,,,New,OpenStreetMap
Johannesburg Welfare Vetinary Hospital,Veterinary,Johannesburg,,,,,,,New,OpenStreetMap
Lebea & Associates Attorneys,Legal,Johannesburg,,,,,,,New,OpenStreetMap
East Lodge,Hospitality / Guest House,Johannesburg,9 Drake Avenue,,,,,,New,OpenStreetMap
TEE College,Education,Johannesburg,,,,,,,New,OpenStreetMap
edutouch,General Business,Johannesburg,320 Rivonia Boulevard Sandton,,,,,,New,OpenStreetMap
Samsung,General Business,Johannesburg,320 Rivonia Boulevard Sandton,,,,,,New,OpenStreetMap
Gold Reef City Theme Park - Clinic,Medical / Clinic,Johannesburg,"14 Shaft Avenue, Ormonde",,+27 11 248 6843,,,,New,OpenStreetMap
Rawson,Real Estate,Johannesburg,,,,,,,New,OpenStreetMap
Security Express,Construction / Electrical,Johannesburg,,,,,,,New,OpenStreetMap
Empire State Software Development,IT / Tech,Johannesburg,77 Commissioner Street,,,,,,New,OpenStreetMap
Rod's Auto Centre,Automotive / Repair,Johannesburg,,,,,,,New,OpenStreetMap
Bushill Fitment Centre,Automotive / Repair,Johannesburg,,,,,,,New,OpenStreetMap
Plumblink,Construction / Plumbing,Johannesburg,,,,,,,New,OpenStreetMap
Atlantic Lighting,Retail / Electronics,Johannesburg,34 Booysens Road Johannesburg,,,,,,New,OpenStreetMap
Alpha Electrical,Retail / Electronics,Johannesburg,41 Garland Street Johannesburg,,,,,,New,OpenStreetMap
I-Lite,Retail / Electronics,Johannesburg,31 Caithness Street Johannesburg,,,,,,New,OpenStreetMap
Freeway Autobody,Automotive / Repair,Johannesburg,Turf Road Johanesburg,,,,,,New,OpenStreetMap
Solomon Holmes,Legal,Johannesburg,Jan Smuts Avenue Johannesburg,,,,,,New,OpenStreetMap
Bio-Art Saxonworld,Medical / Clinic,Johannesburg,Englewold Road,,,,,,New,OpenStreetMap
Hogan Lovells,Legal,Johannesburg,140 West Street Sandton,https://www.hoganlovells.com,,BDOperations@hoganlovells.com,Found on site,,New,OpenStreetMap
HHK Earthing & Lightning Protection Systems,General Business,Johannesburg,Ethel Avenue,,+27 114766917,info@hhk.co.za,Found on listing,,New,OpenStreetMap
Cay and Jono,Hospitality / Guest House,Johannesburg,,,,,,,New,OpenStreetMap
Innovative Eventz,General Business,Johannesburg,7 Vasseur Road Edenvale,https://innovativeeventz.co.za/,+27 72 290 9549,info@innovativeeventz.co.za,Found on listing,,New,OpenStreetMap
Masav Group,General Business,Johannesburg,173 Kelvin Drive Sandton,https://masavgroup.co.za,+27 11 656 0809,info@masavgroup.co.za,Found on listing,,New,OpenStreetMap
Ares Protection,General Business,Johannesburg,173 Kelvin Drive Sandton,https://aresprotection.co.za,+27 86 100 2737,info@aresprotection.co.za,Found on listing,,New,OpenStreetMap
Nyama & Chips,General Business,Johannesburg,173 Kelvin Drive Sandton,https://www.nyamaandchips.co.za,+27 11 656 0809,info@nyamaandchips.co.za,Found on listing,,New,OpenStreetMap
Elite Resourcing,General Business,Johannesburg,173 Kelvin Drive Sandton,https://www.eliteresourcing.co.za,+27 11 656 0809,info@eliteresourcing.co.za,Guessed - Verify,,New,OpenStreetMap
Syvest Properties,General Business,Johannesburg,173 Kelvin Drive Sandton,https://www.syvest.co.za,+27 11 656 0809,info@syvest.co.za,Found on listing,,New,OpenStreetMap
Afrihost Walk-in Centre,General Business,Johannesburg,376 Rivonia Boulevard North Close Johannesburg,,,,,,New,OpenStreetMap
Florida Medical Centre,Dental,Johannesburg,Goldman Street,,,,,,New,OpenStreetMap
The Rand Dental Suites,Dental,Johannesburg,,,,,,,New,OpenStreetMap
The Sentinel Clinic,Medical / Clinic,Johannesburg,Twist Street,,,,,,New,OpenStreetMap
High Point Dental Clinic,Dental,Johannesburg,Claim Street,,+27 117919013,,,,New,OpenStreetMap
Myclinic,Medical / Clinic,Johannesburg,De Beer Street Johannesburg,,+27 11 980 6121,,,,New,OpenStreetMap
Dentist,Dental,Johannesburg,Lilian Ngoyi Street,,,,,,New,OpenStreetMap
Dam School of Policing,Education,Johannesburg,De Korte Street,,,,,,New,OpenStreetMap
Bellair Medical And Dental Center,Medical / Clinic,Johannesburg,"84 Bellairs Drive Glenvista, Johannesburg",,+27 11 432 6979,,,,New,OpenStreetMap
Muldersdrift Animal Clinic,Veterinary,Johannesburg,Beyers Naudé Drive Muldersdrift,,+27 11 795 2025,muld_vet@mweb.co.za,Found on listing,,New,OpenStreetMap
Chiropractic Clinic,Medical / Clinic,Johannesburg,"18 Sneeuberg Street The Glens, Johannesburg",,+27 11 432 4005,,,,New,OpenStreetMap
Dental Practice,Dental,Johannesburg,"18 Sneeuberg Street The Glens, Johannesburg",,+27 11 682 3205,,,,New,OpenStreetMap
Dr. Filipovski Dental Surgeon,Dental,Johannesburg,7th Avenue,,+27 112682142,,,,New,OpenStreetMap
Bromhof Vetinary Clinic,Veterinary,Johannesburg,,,,,,,New,OpenStreetMap
Nissan Northcliff,Automotive,Johannesburg,,,,,,,New,OpenStreetMap
Jubella Cottage,Hospitality / Guest House,Johannesburg,77 Catherine Road,,+27 73 477 5961,,,,New,OpenStreetMap
Chase Software,General Business,Johannesburg,10 Morris Street West Rivonia,,,,,,New,OpenStreetMap
Kathea Communications (Pty) Ltd,General Business,Johannesburg,45 Wessels Road Rivonia,,,,,,New,OpenStreetMap
Vega School,Education,Johannesburg,,https://www.vegaschool.com/,,info@vegaschool.com,Guessed - Verify,,New,OpenStreetMap
Clientele,General Business,Johannesburg,,,,,,,New,OpenStreetMap
Cashbuild Hardware Store,Retail / Hardware,Johannesburg,,,,,,,New,OpenStreetMap
Masakhane Clinic,Medical / Clinic,Johannesburg,,,,,,,New,OpenStreetMap
Shanty Clinic,Medical / Clinic,Johannesburg,,,,,,,New,OpenStreetMap
Ford Dealership,Automotive,Johannesburg,,,,,,,New,OpenStreetMap
DIY Hardware,Retail / Hardware,Johannesburg,,,,,,,New,OpenStreetMap
IDC,General Business,Johannesburg,,,,,,,New,OpenStreetMap
Old Mutual Offices,General Business,Johannesburg,107 Rivonia Road,https://www.oldmutual.co.za/,+27112171000,info@oldmutual.co.za,Guessed - Verify,,New,OpenStreetMap
Werkmans Attorneys,Legal,Johannesburg,96 Rivonia Road,,+27115358000,,,,New,OpenStreetMap
Eastbank Clinic,Medical / Clinic,Johannesburg,,,,,,,New,OpenStreetMap
DIY Store,Retail / Hardware,Johannesburg,,,,,,,New,OpenStreetMap
Builders Warehouse,Retail / Hardware,Johannesburg,,,,,,,New,OpenStreetMap
Hatfield VW Rivonia,Automotive,Johannesburg,337 Rivonia Boulevard,https://vwrivonia.hatfieldgroup.co.za/,+27 87 235 7886,info@vwrivonia.hatfieldgroup.co.za,Guessed - Verify,,New,OpenStreetMap
Greyhound Bus Line,General Business,Johannesburg,40 Lepus Road,,,,,,New,OpenStreetMap
Mega Coach Bus Line,General Business,Johannesburg,40 Lepus Road,,,,,,New,OpenStreetMap
Umjantshi House (Prasa),General Business,Johannesburg,,,,,,,New,OpenStreetMap
VW,Automotive,Johannesburg,,,,,,,New,OpenStreetMap
Mercedes Benz Dealership,Automotive,Johannesburg,,,,,,,New,OpenStreetMap
South West Gauteng College(Dube Campus),Education,Johannesburg,Mncube Drive,,,,,,New,OpenStreetMap
iStore,Retail / Electronics,Johannesburg,,,,,,,New,OpenStreetMap
Nissan Bruma,Automotive,Johannesburg,,,,,,,New,OpenStreetMap
Industrial Development Corporation,General Business,Johannesburg,,,,,,,New,OpenStreetMap
Cummins,General Business,Johannesburg,Johannesburg,https://africa.cummins.com/locations/south-africa/power-hub,+27 11 451 3400,info@africa.cummins.com,Guessed - Verify,,New,OpenStreetMap
McKinsey & Company,General Business,Johannesburg,140 West Street Sandton,https://www.mckinsey.com/za,+27115068000,info@mckinsey.com,Guessed - Verify,,New,OpenStreetMap
The Wendy House - Melville,Hospitality / Guest House,Johannesburg,113 1st Avenue,https://www.airbnb.com/rooms/35674144,,info@airbnb.com,Guessed - Verify,,New,OpenStreetMap
Mponeng Promotion and Distribution,General Business,Johannesburg,89 Cable Street,,+27728815606,namaneg@gmail.com,Found on listing,,New,OpenStreetMap
Shain Properties,Real Estate,Johannesburg,121 Boundary Lane Parkmore,https://shainproperties.co.za/,+27 82 6043501,michael@shainproperties.co.za,Found on listing,,New,OpenStreetMap
Kia,Automotive,Johannesburg,,,,,,,New,OpenStreetMap
Peugeot,Automotive,Johannesburg,,,,,,,New,OpenStreetMap
Absa,General Business,Johannesburg,15 Alice Lane,https://cib.absa.africa/,,Rsc.corpprc@absa.co.za,Found on site,,New,OpenStreetMap
33 on First,Hospitality / Guest House,Johannesburg,33 1st Avenue Johannesburg,https://www.33onfirst.co.za,+27 11 726 7172,info@33onfirst.co.za,Found on listing,,New,OpenStreetMap
Imperial Toyota Parktown,Automotive,Johannesburg,67 Empire Road Johannesburg,https://www.imperialtoyota.co.za/vehicle/dealer/imperial-toyota-parktown,+27 11 276 0600,info@imperialtoyota.co.za,Guessed - Verify,,New,OpenStreetMap
Mandela Mining Precinct,General Business,Johannesburg,1 Carlow Road Johannesburg,https://simine.co/mandela-mining-precinct/,,info@simine.co,Guessed - Verify,,New,OpenStreetMap
WM Digital Solutions,General Business,Johannesburg,40 Wild Pear Crescent Dowerglen ext 3,https://www.wmds.co.za/,,info@wmds.co.za,Guessed - Verify,,New,OpenStreetMap
Blue Pencil Creative,General Business,Johannesburg,2 Venus Street Johannesburg,https://bluepencilcreative.co.za/,,info@bluepencilcreative.co.za,Guessed - Verify,,New,OpenStreetMap
Bayport,Real Estate,Johannesburg,,,,,,,New,OpenStreetMap
Men's Health Clinics,Medical / Clinic,Johannesburg,132 Fox Street,https://menshealthclinics.co.za,+27818231313,info@menshealthclinics.co.za,Found on site,,New,OpenStreetMap
OPH Head Office,Real Estate,Johannesburg,,,,,,,New,OpenStreetMap
Surgery,Medical / Clinic,Johannesburg,Lilian Ngoyi Street Johannesburg,,,,,,New,OpenStreetMap
Nsikelelo,Real Estate,Johannesburg,1222 Maputo Street,,+27 10 224 0666,info@nsikelelo.co.zw,Found on listing,,New,OpenStreetMap
Mantech,Retail / Electronics,Johannesburg,32 Rosettenville Road,,,,,,New,OpenStreetMap
Parkhurst Paint & Hardware,Retail / Hardware,Johannesburg,4th Avenue Parkhurst,,+27 11 788 9321,,,,New,OpenStreetMap
Changes Addiction Rehab,Medical / Clinic,Johannesburg,216 Weltevreden Road,http://ChangesRehab.co.za,+27 827473422,Change@ChangesRehab.co.za,Found on listing,,New,OpenStreetMap
Breena BnB,Hospitality / Guest House,Johannesburg,29 Breena Street,,+27 74 198 2097,,,,New,OpenStreetMap
Opticross Optometrists,Medical / Clinic,Johannesburg,Rabie Street Randburg,,+27 11 791 4933,,,,New,OpenStreetMap
Harlyn International,Automotive / Repair,Johannesburg,4 Sterling Street Strijdom Park,,,,,,New,OpenStreetMap
Windsor East Clinic,Medical / Clinic,Johannesburg,57 Earls Avenue Windsor East,,+27 11 678 7017,,,,New,OpenStreetMap
Revive Autobody Repair Centre,Automotive / Repair,Johannesburg,,,,,,,New,OpenStreetMap
Mooki Memorial College,Education,Johannesburg,6504 Mooki Street Orlando East,,,,,,New,OpenStreetMap
Eagle Ford,Automotive,Johannesburg,,,,,,,New,OpenStreetMap
Wits Language School,Education,Johannesburg,"92 Empire Road Parktown, Johannesburg",https://www.wits.ac.za/witslanguageschool/,,info.witsplus@wits.ac.za,Found on site,,New,OpenStreetMap
City Varsity,Education,Johannesburg,,,,,,,New,OpenStreetMap
Tiger Wheel and Tyre,Automotive / Repair,Johannesburg,,,,,,,New,OpenStreetMap
Zaza's Guesthouse and Spa,Hospitality / Guest House,Johannesburg,"5583, 96 Mphatlatsamaru Street Pimville",http://www.zazasguesthouse.co.za/,+27767344685,info@zazasguesthouse.co.za,Guessed - Verify,,New,OpenStreetMap
House on York,Hospitality / Guest House,Johannesburg,7 York Road Johannesburg,https://houseonyork.com/,+27 82 870 9221,accommodation@houseonyork.com,Found on site,,New,OpenStreetMap
Morningside Mica,Retail / Hardware,Johannesburg,127 11th Street Johannesburg,https://www.mica.co.za/store-location/gauteng/morningside-mica/,+27 11 783 1917,zulchmm@mweb.co.za,Found on site,,New,OpenStreetMap
Maponya DLTC,Education / Driving School,Johannesburg,,,+27 11 933 1072,,,,New,OpenStreetMap
The Guesthouse 6 On Vrede,Hospitality / Guest House,Johannesburg,6 Vrede Avenue Bryanston,,,,,,New,OpenStreetMap
COVID Testing - Drive Through,Medical / Clinic,Johannesburg,42 Longmeadow Boulevard Johannesburg,,,,,,New,OpenStreetMap
Dr Choonara,Dental,Johannesburg,425 Ontdekkers Road,,,,,,New,OpenStreetMap
Medicross The Berg,Medical / Clinic,Johannesburg,Bergbron Drive Johannesburg,https://www.medicross.co.za/,+27 11 673 4150;+27 11 670 2400,info@medicross.co.za,Guessed - Verify,,New,OpenStreetMap
Lawtons Africa,Legal,Johannesburg,140 West Street Sandton,https://www.lawtonsafrica.com/,+27 11 2866900,info@lawtonsafrica.com,Found on listing,,New,OpenStreetMap
8th Avenue Clinic,Medical / Clinic,Johannesburg,8th Avenue,,,,,,New,OpenStreetMap
Lancet Labratories Covid-19 Testing Stie,Medical / Clinic,Johannesburg,8 Park Street Bedfordview,,,,,,New,OpenStreetMap
Lancet Labratories Covid-19 Testing Site,Medical / Clinic,Johannesburg,173 Rivonia Road Morningside,,+27 11 324 1859;+27 11 324 1858,,,,New,OpenStreetMap
Dunvegan Medical Centre,Medical / Clinic,Johannesburg,48 Dunvegan Avenue Edenvale,,+27 114530400,,,,New,OpenStreetMap
Tswelopelo Primary Health Care Clinic,Medical / Clinic,Johannesburg,Theko Street Vosloorus,,+27 119996027,,,,New,OpenStreetMap
Bophelong Clinic,Medical / Clinic,Johannesburg,Freedom Drive Ivory Park,,,,,,New,OpenStreetMap
Unjani Clinic Tembisa,Medical / Clinic,Johannesburg,532 Ruwenzori Street Tembisa,,+27 82 067 1507,,,,New,OpenStreetMap
Endayeni Primary Health Care Clinic,Medical / Clinic,Johannesburg,11 1st Street Tembisa,,+27 11 999 4330,,,,New,OpenStreetMap
Dunlop Zone,Automotive / Repair,Johannesburg,,,,,,,New,OpenStreetMap
HailTech,Automotive / Repair,Johannesburg,Fairview Drive Roodeport,https://www.mydentguy.co/,+27724123330,info@mydentguy.co,Guessed - Verify,,New,OpenStreetMap
Lemonster sounds,Hospitality / Guest House,Johannesburg,4325 Isikalu Street Johannesburg,,,,,,New,OpenStreetMap
Gleneagles Hardware,Retail / Hardware,Johannesburg,23 Gleneagles Road Greenside,,,,,,New,OpenStreetMap
GeeWiz,Retail / Electronics,Johannesburg,6 Junction Road Johannesburg,,+27 11 568 0191,,,,New,OpenStreetMap
Letsatsi Finance,Financial Services,Johannesburg,72;74 Eloff Street Johannesburg,,,,,,New,OpenStreetMap
Atlas Finance,Financial Services,Johannesburg,127 Fox Street Johannesburg,,,,,,New,OpenStreetMap
City Property Administration,Real Estate,Johannesburg,19 Loveday Street Johannesburg,https://www.cityproperty.co.za/,+27 11 378 3200,propworld@cityprop.co.za,Found on site,,New,OpenStreetMap
Summat College,Education,Johannesburg,89 Albertina Sisulu Road Johannesburg,,,,,,New,OpenStreetMap
Rostec College,Education,Johannesburg,84 Helen Joseph Street Johannesburg,,,,,,New,OpenStreetMap
Greenview Tutorial,Education,Johannesburg,1569 Albertina Sisulu Road Johannesburg,,,,,,New,OpenStreetMap
Alberton Hardware,Retail / Hardware,Johannesburg,33 Van Riebeeck Avenue,https://www.albertonhardware.co.za/,+27 11 907 2626,sales@albertonhardware.co.za,Found on listing,,New,OpenStreetMap
Alberton Hardware yard,Retail / Hardware,Johannesburg,,,,,,,New,OpenStreetMap
Point Hardware Store,Retail / Hardware,Johannesburg,Louis Botha Avenue,,,,,,New,OpenStreetMap
Mitsubishi Motors Northcliff,Automotive,Johannesburg,,,+27 11 507 3000,,,,New,OpenStreetMap
Plumblink Blairgowrie,Construction / Plumbing,Johannesburg,12 Gordon Avenue,https://www.plumblink.co.za/,+27 87 310 9744,info@plumblink.co.za,Found on site,,New,OpenStreetMap
Lenasia Renal Centre,Medical / Clinic,Johannesburg,,,,,,,New,OpenStreetMap
Angamia Attorneys,Legal,Johannesburg,,,,,,,New,OpenStreetMap
A2X Markets Stock Exchange,Financial Services,Johannesburg,,https://www.a2x.co.za/,,info@a2x.co.za,Found on site,,New,OpenStreetMap
CIA Building Insurance Specialists,Insurance,Johannesburg,13E Riley Road Germiston,https://cia.co.za/,+27861242777,mail@cia.co.za,Found on listing,,New,OpenStreetMap
Unlimited Building Supplies,Retail / Hardware,Johannesburg,,,+27 11 4020811,,,,New,OpenStreetMap
Prof. H B Dullabh,Dental,Johannesburg,36 Lilian Ngoyi Street,,+27 11 838 5891; +27 11 836 8784; +27 81 328 9257,drhddullabh@gmail.com,Found on listing,,New,OpenStreetMap
Falcon & Hume,Legal,Johannesburg,,,,,,,New,OpenStreetMap
RMB Corvest,Financial Services,Johannesburg,,,,,,,New,OpenStreetMap
Freeway Surgery,Medical / Clinic,Johannesburg,,,,,,,New,OpenStreetMap
The Cosmetic and Dental Emporium,Dental,Johannesburg,,https://www.thecde.co.za/,+27 11 463 5294; +27 76 441 3061,bryanston@thecde.co.za,Found on listing,,New,OpenStreetMap
Boston City Campus,Education,Johannesburg,129 11th Street,https://www.boston.ac.za/,+27 11 883 0933,info@boston.co.za,Found on site,,New,OpenStreetMap
Regal Security,Retail / Electronics,Johannesburg,191 Ontdekkers Road,https://www.regalsecurity.co.za/,+27 11 760 1149,info@regalsecurity.co.za,Guessed - Verify,,New,OpenStreetMap
Auto Bonn,Automotive / Repair,Johannesburg,,,,,,,New,OpenStreetMap
SILHOUETTE AESTHETIC CLINIC,Medical / Clinic,Johannesburg,9 Simba Road,,,,,,New,OpenStreetMap
Riverclub Veterinary Clinic,Veterinary,Johannesburg,51 13th Street Johannesburg,https://www.riverclubvet.co.za/,+27118844133,rvc@mweb.co.za,Found on listing,,New,OpenStreetMap
Think Networking cc,IT / Tech,Johannesburg,15 Homestead Road Edenvale,https://thinknet.co.za,+27878088181,info@thinknet.co.za,Guessed - Verify,,New,OpenStreetMap
Rivonia Village Vet,Veterinary,Johannesburg,,https://villagevetgroup.co.za/rivonia-village-vet-2/,+27 11 803 3122,info@villagevetgroup.co.za,Guessed - Verify,,New,OpenStreetMap
Mega Mika,Retail / Hardware,Johannesburg,,,,,,,New,OpenStreetMap
COSY POSY GUESTHOUSE,Hospitality / Guest House,Johannesburg,101 Geldenhuis Road,,,,,,New,OpenStreetMap
Smart fix,Retail / Electronics,Johannesburg,,,,,,,New,OpenStreetMap
Techtronic,Retail / Electronics,Johannesburg,Arbroath Road,,,,,,New,OpenStreetMap
ITworkup Level up your IT,Retail / Electronics,Johannesburg,"28 Waterfall Office Park, Augrabies Rd Midrand",https://itworkup.co.za/,+27 79 898 7370,info@itworkup.co.za,Found on site,,New,OpenStreetMap
ITworkup - Smartwatches,Retail / Electronics,Johannesburg,28 Augrabies Rd Midrand,https://itworkup.co.za/smartwatches/,+27 79 898 7370,social@ITworkup.co.za,Found on listing,,New,OpenStreetMap
ITworkup Smartphones,Retail / Electronics,Johannesburg,"28 Waterfall Office Park, Augrabies Rd Midrand",https://itworkup.co.za/smartphones/,+27 79 898 7370,social@ITworkup.co.za,Found on listing,,New,OpenStreetMap
ITworkup Tablets,Retail / Electronics,Johannesburg,"28 Waterfall Office Park, Augrabies Rd Midrand",https://itworkup.co.za/tablets/,+27 79 898 7370,social@ITworkup.co.za,Found on listing,,New,OpenStreetMap
ITworkup Headphones and Headsets,Retail / Electronics,Johannesburg,"28 Waterfall Office Park, Augrabies Rd Midrand",https://itworkup.co.za/headphones/,+27 79 898 7370,social@ITworkup.co.za,Found on listing,,New,OpenStreetMap
ITworkup Desktop CPUs,Retail / Electronics,Johannesburg,"28 Waterfall Office Park, Augrabies Rd Midrand",https://itworkup.co.za/intel-amd-desktop-cpu/,+27 798987370,social@ITworkup.co.za,Found on listing,,New,OpenStreetMap
ITworkup Graphics Cards,Retail / Electronics,Johannesburg,"28 Waterfall Office Park, Augrabies Rd Vorna Valley",https://itworkup.co.za/gpu/,+27 79 898 7370,social@ITworkup.co.za,Found on listing,,New,OpenStreetMap
ITworkup M.2 and SATA SSD,Retail / Electronics,Johannesburg,"28 Waterfall Office Park, Augrabies Rd Midrand",https://itworkup.co.za/sata-and-m-2-ssd/,+27 79 898 7370,social@ITworkup.co.za,Found on listing,,New,OpenStreetMap
ITworkup Webcams,Retail / Electronics,Johannesburg,"28 Waterfall Office Park, Augrabies Rd Midrand",https://itworkup.co.za/webcams/,+27 79 898 7370,social@ITworkup.co.za,Found on listing,,New,OpenStreetMap
ITworkup Desktop and Laptop DDR4 and DDR5 Memory,Retail / Electronics,Johannesburg,"28 Waterfall Office Park, Augrabies Rd Midrand",https://itworkup.co.za/memory/desktop-memory/,+27 798987370,social@ITworkup.co.za,Found on listing,,New,OpenStreetMap
WinWin International,Consulting,Johannesburg,,https://www.winwinza.com/,+27 11 514 0944,info@winwinza.com,Found on listing,,New,OpenStreetMap
Asuer,Insurance,Johannesburg,,,,,,,New,OpenStreetMap
Bay Park Motors,Automotive / Repair,Johannesburg,,,,,,,New,OpenStreetMap
Expert Diamond,Retail / Electronics,Johannesburg,,,,,,,New,OpenStreetMap
Angela Kernot Realty,Real Estate,Johannesburg,Bridge Shopping centre,https://www.angelakernot.com,+27 11 804 1730,kernot@mweb.co.za,Found on listing,,New,OpenStreetMap
Parktown North Mica Paint & Hardware,Retail / Hardware,Johannesburg,24 1st Avenue West Johannesburg,,+27 11 327 1099,,,,New,OpenStreetMap
Chas Everitt,Real Estate,Johannesburg,,,,,,,New,OpenStreetMap
HeroPlumbers,Construction / Plumbing,Johannesburg,32 Kamferbos Street Alberton,https://heroplumbers.co.za/,+27 70 322 0416,info@heroplumbers.co.za,Found on site,,New,OpenStreetMap
Sandton Men's Clinic,Medical / Clinic,Johannesburg,199 Vanessa Street Sandton,https://sandtonmensclinic.co.za/,+27102059208,info@sandtonmensclinic.co.za,Found on listing,,New,OpenStreetMap
Thomson Wilks,Legal,Johannesburg,54 Wierda Road West Sandton,https://www.thomsonwilks.co.za/,+27 11 784 8984,anel@thomsonwilks.co.za,Found on site,,New,OpenStreetMap
Builder's Express Cresta,Retail / Hardware,Johannesburg,Arbor Road,https://www.builders.co.za/,,info@builders.co.za,Guessed - Verify,,New,OpenStreetMap
Builder's Express Robindale,Retail / Hardware,Johannesburg,50 Malibongwe Drive,https://www.builders.co.za/,+27 10 595 3586,info@builders.co.za,Guessed - Verify,,New,OpenStreetMap
KILBURN HARDWARE and BUILDING SUPPLIES,Retail / Hardware,Johannesburg,,,,,,,New,OpenStreetMap
Ingco,Retail / Hardware,Johannesburg,,,,,,,New,OpenStreetMap
Clarion Hardware and Paint,Retail / Hardware,Johannesburg,,,,,,,New,OpenStreetMap
Aliminium Windows,Retail / Hardware,Johannesburg,,,,,,,New,OpenStreetMap
DJA,Insurance,Johannesburg,,,+27114635550,mail@dja-aviation.co.za,Found on listing,,New,OpenStreetMap
HUAWEI OFFICE PARK,IT / Tech,Johannesburg,Western Service Road,,,,,,New,OpenStreetMap
Genesis Clinic,Medical / Clinic,Johannesburg,,,,,,,New,OpenStreetMap
South West Gauteng College Technisa Campus,Education,Johannesburg,,,,,,,New,OpenStreetMap
Akeso Crescent Clinic Randburg,Medical / Clinic,Johannesburg,Cnr President Fouché Drive & Hawken Avenue Boskruin Randburg,,,,,,New,OpenStreetMap
Johannesburg College - Alexandra Campus,Education,Johannesburg,,,,,,,New,OpenStreetMap
Hillbrow Community Health Centre,Medical / Clinic,Johannesburg,"Corner Klein and Smit street Hillbrow,Johannesburg",,+27 11 694 3753,,,,New,OpenStreetMap
Itereleng Clinic,Medical / Clinic,Johannesburg,Elias Motsoaledi Road Dobsonville,,+27 11 989 0304,,,,New,OpenStreetMap
Charter College,Education,Johannesburg,,,,,,,New,OpenStreetMap
ONE,Insurance,Johannesburg,54 Maxwell Drive Johannesburg,https://www.one.za.com,+27 86 126 6562,chantel.t@one.za.com,Found on listing,,New,OpenStreetMap
Petervale Clinic,Medical / Clinic,Johannesburg,"Witkoppen street & Cambridge Road Sandton,Johannesburg",,+27 11 803 6421,,,,New,OpenStreetMap
Parkmore Veterinary Clinic,Veterinary,Johannesburg,,https://parkmorevet.co.za/,+27 11 883 4746; +27 11 883 2107,reception@parkmorevet.co.za,Found on listing,,New,OpenStreetMap
RIvonia Tyres,Automotive / Repair,Johannesburg,,,,,,,New,OpenStreetMap
People's Dispensary for Sick Animals,Veterinary,Johannesburg,Mofolo South,https://www.pdsa.org.za/clinics/,+27 11 984 4340,pdsacape@pdsa.org.za,Found on site,,New,OpenStreetMap
Spaar on Spares,Retail / Hardware,Johannesburg,38 Augusta Road,https://spaaronspares.co.za/,+27 11 435 1220,info@spaaronspares.co.za,Found on site,,New,OpenStreetMap
Weltevreden Park Clinic,Medical / Clinic,Johannesburg,C/O Jg Strydom And Jim Fouche Roodepoort,,+27 11 679 3623,hillezes@joburg.org.za,Found on listing,,New,OpenStreetMap
Rosebank Medical and Dental Centre,Medical / Clinic,Johannesburg,"11 Sturdee Avenue Rosebank, Johannesburg",,+27 11 328 0500,,,,New,OpenStreetMap
Ekurhuleni West TVET College,Education,Johannesburg,,,,,,,New,OpenStreetMap
Waterstone College,Education,Johannesburg,,,,,,,New,OpenStreetMap
Riverlea Major Clinic,Medical / Clinic,Johannesburg,"36 Japura Street Riverlea, Johannesburg",,+27 11 474 2881,,,,New,OpenStreetMap
Highveld Technical College,Education,Johannesburg,,,,,,,New,OpenStreetMap
St Barnbas College,Education,Johannesburg,,,,,,,New,OpenStreetMap
South West College,Education,Johannesburg,,https://www.swgc.co.za/,+27 10 141 1000,molapo.onlinequeries@swgc.co.za,Found on listing,,New,OpenStreetMap
Singular Systems,IT / Tech,Johannesburg,28 Fort Street Gauteng,,,,,,New,OpenStreetMap
Medicross Medical Centre (Germiston),Medical / Clinic,Johannesburg,"Cnr Webber & Olivier Road Estera,Germiston",,+27118247300,,,,New,OpenStreetMap
Netcare Linksfield Private Clinic,Medical / Clinic,Johannesburg,"24 12th Avenue Orange Goove,Johannesburg",,+27 11 647 3400,,,,New,OpenStreetMap
Newton House College,Education,Johannesburg,,,,,,,New,OpenStreetMap
Pace Community College,Education,Johannesburg,,,,,,,New,OpenStreetMap
African Leadership Academy,Education,Johannesburg,,,,,,,New,OpenStreetMap
High St Medical Centre,Medical / Clinic,Johannesburg,High Street,,,,,,New,OpenStreetMap
Carecross Medical & Dental Centre,Medical / Clinic,Johannesburg,High Street,,+27 11 837 7777,,,,New,OpenStreetMap
Oxford Healthcare Centre,Medical / Clinic,Johannesburg,75 Oxford Road Randburg,,+27 10 350 0350,info@oxfordhealthcare.co.za,Found on listing,,New,OpenStreetMap
Oxford Road Day Clinic,Medical / Clinic,Johannesburg,99 Oxford Road Saxonwold,,+27 11 484 5168,,,,New,OpenStreetMap
Northview Veterinary Clinic,Veterinary,Johannesburg,Pendoring Road,,,,,,New,OpenStreetMap
Sarac,Veterinary,Johannesburg,Main Street,,,,,,New,OpenStreetMap
Shelton Dental,Dental,Johannesburg,Shelton Avenue,,,,,,New,OpenStreetMap
Harmelia Animal Clinic,Veterinary,Johannesburg,47 Shelton Avenue,,,,,,New,OpenStreetMap
Phoenix College,Education,Johannesburg,Loveday Street,,,,,,New,OpenStreetMap
Central Technical College,Education,Johannesburg,,,,,,,New,OpenStreetMap
Gauteng City College,Education,Johannesburg,Biccard Street,,,,,,New,OpenStreetMap
WITS University Graduate Lodge,Education,Johannesburg,34 Jorissen Street,,,,,,New,OpenStreetMap
Birnam Business College,Education,Johannesburg,Bertha Street,,,,,,New,OpenStreetMap
Rosebank College,Education,Johannesburg,Jan Smuts Avenue,,,,,,New,OpenStreetMap
Sunnyridge Veterinary Consulting,Veterinary,Johannesburg,Turnhout Avenue,,,,,,New,OpenStreetMap
Hartford College,Education,Johannesburg,35 Chelverton Avenue Mondeor,,,,,,New,OpenStreetMap
The Glens Veterinary Hospital,Veterinary,Johannesburg,,,,,,,New,OpenStreetMap
Animal Eye Hospital,Veterinary,Johannesburg,44 Kingfisher Drive,,,,,,New,OpenStreetMap
Greenside Orthodontist,Dental,Johannesburg,Barry Hertzog Avenue,,,,,,New,OpenStreetMap
Bromhof Veterinary Clinic,Veterinary,Johannesburg,Cnr Ostrich & Witogie Street,,+27 11 792 1728,,,,New,OpenStreetMap
Stallone Auto,Automotive / Repair,Johannesburg,16 Gleneagles Road,,,,,,New,OpenStreetMap
Greenside Animal Hospital,Veterinary,Johannesburg,Barry Hertzog Avenue,,,,,,New,OpenStreetMap
Automechanic,Automotive / Repair,Johannesburg,,,,,,,New,OpenStreetMap
Randrover,Automotive / Repair,Johannesburg,,,,,,,New,OpenStreetMap
FNB,Financial Services,Johannesburg,,,,,,,New,OpenStreetMap
BVZ Attorneys,Legal,Johannesburg,,,,,,,New,OpenStreetMap
Hickmore Recruitment,Recruitment / HR,Johannesburg,,,,,,,New,OpenStreetMap
Raphela Incorporated Attorneys,Legal,Johannesburg,,,,,,,New,OpenStreetMap
LJ De Jager Attorneys,Legal,Johannesburg,,,,,,,New,OpenStreetMap
Dr CL Joannou,Dental,Johannesburg,,,,,,,New,OpenStreetMap
KWP Attorneys,Legal,Johannesburg,,,,,,,New,OpenStreetMap
Randburg Vet Hospital,Veterinary,Johannesburg,,,,,,,New,OpenStreetMap
Keith Sutcliffe & Associates,Legal,Johannesburg,,,,,,,New,OpenStreetMap
VAC Electrical Suppliers,Retail / Electronics,Johannesburg,,,,,,,New,OpenStreetMap
BTC,Education,Johannesburg,,,,,,,New,OpenStreetMap
Liebenberg Theunis Inc,Legal,Johannesburg,,,,,,,New,OpenStreetMap
Altron,IT / Tech,Johannesburg,Fred Verseput Avenue Johannesburg,https://www.altron.com,,altronethicsline@tip-offs.com,Found on site,,New,OpenStreetMap
Rouberto's Building Supplies,Retail / Hardware,Johannesburg,,,,,,,New,OpenStreetMap
Promi-Dent Dental Laboratory,Dental,Johannesburg,76 Queens Road Mayfair,,,,,,New,OpenStreetMap
Tarsus Technology Group,IT / Tech,Johannesburg,Johannesburg,https://www.tarsus.co.za,+27 11 531 1000,info@tarsus.co.za,Found on listing,,New,OpenStreetMap
Bieldermans Inc,Legal,Johannesburg,24 Chester Road Johannesburg,https://bieldermans.co.za,+27 11 880 1659,info@bieldermans.co.za,Guessed - Verify,,New,OpenStreetMap
BKM Attorneys,Legal,Johannesburg,34 Bath Avenue Johannesburg,,+27 11 788 0083,,,,New,OpenStreetMap
Boston City Campus and Business College,Education,Johannesburg,15 Stiemens Street Johannesburg,,,,,,New,OpenStreetMap
DRSM Attorneys,Legal,Johannesburg,,,,,,,New,OpenStreetMap
Warburton Attorneys,Legal,Johannesburg,53 Dudley road Johannesburg,https://warburtons.co.za,+27 11 447 6848,admin@warburtons.co.za,Found on listing,,New,OpenStreetMap
Bidvest Burchmore's,Automotive / Repair,Johannesburg,,https://www.bidvestburchmores.co.za/,+27 11 258 9898,lionelr@mcmotor.co.za,Found on listing,,New,OpenStreetMap
Deloitte,Consulting,Johannesburg,5 Magwa Crescent Johannesburg,https://www2.deloitte.com/za/,+27 11 806 5000,zadigital@deloitte.co.za,Found on site,,New,OpenStreetMap
Nelson's Electrical Plumbing & Hardware,Retail / Hardware,Johannesburg,,,,,,,New,OpenStreetMap
Cyber Connect,Retail / Electronics,Johannesburg,Kent Avenue Ferndale,https://cyberconnect.shop/shop,+27117818014,support@cyberconnect.co.za,Found on listing,,New,OpenStreetMap
Jumping Bean,IT / Tech,Johannesburg,373 Kent Avenue Ferndale,https://jumpingbean.co.za,+27117818014,support@jumpingbean.co.za,Found on listing,,New,OpenStreetMap
Plaza Board Centre,Retail / Hardware,Johannesburg,,,,,,,New,OpenStreetMap
Moore,Accounting,Johannesburg,,https://www.moore-southafrica.com/locations/moore-johannesburg-inc,+27 10 599 0222,info@moore-southafrica.com,Guessed - Verify,,New,OpenStreetMap
Marble & Granite,Retail / Hardware,Johannesburg,,,,,,,New,OpenStreetMap
Central Johannesburg TVET College,Education,Johannesburg,,,,,,,New,OpenStreetMap
Kruger & Pottinger Attorneys,Legal,Johannesburg,462 Ontdekkers Road Roodepoort,https://kpattorneys.co.za,+27114721718,enquiries@kpattorneys.co.za,Found on site,,New,OpenStreetMap
House of Plumbing,Retail / Hardware,Johannesburg,,,,,,,New,OpenStreetMap
Driving school Practice grounds,Education / Driving School,Johannesburg,,,,,,,New,OpenStreetMap
